record	parliament_year	estate	annotation	most_probable_line	lev	wer	cer
data/1863-1864/prot_1863-1864_adeln_III.xml	1863-1864	adeln	Herr Schauman, B. O.: Jag har blifvit förekommen	 Herr Schauman, B. O.: Jag har blifvit förekommen	0	0.0	0.0
data/1863-1864/prot_1863-1864_adeln_III.xml	1863-1864	adeln	detta mom., om det skall qvarstå, måtte förändras sålunda	 detta mom., om det skall qvarstå, måtte förändras sålunda	0	0.0	0.0
data/1863-1864/prot_1863-1864_adeln_III.xml	1863-1864	adeln	Herr Aminoff: Också jag ber att få instämma i herr	 Herr Aminoff: Också jag ber att få instämma i herr	0	0.0	0.0
data/1863-1864/prot_1863-1864_adeln_III.xml	1863-1864	adeln	nas anställdes, votering, som utföll	nas anställdes, votering, som utföll 	0	0.0	0.0
data/1863-1864/prot_1863-1864_adeln_III.xml	1863-1864	adeln	Sedan till följe af denna votering ifrågavarande § 6	 Sedan till följe af denna votering ifrågavarande & 6	1	0.1111111119389534	0.0192307692307692
data/1863-1864/prot_1863-1864_adeln_III.xml	1863-1864	adeln	vara för mantalspenningar fria, dock endast för sina egne	 vara för mantalspenningar fria, dock endast för sina egne	0	0.0	0.0
data/1863-1864/prot_1863-1864_adeln_IV.xml	1863-1864	adeln	färdas får, frånvarande, så måste tjenstehjon vara berätti-	tfärdas får, frånvarande, så måste tjenstehjon vara berättig	2	0.25	0.0338983050847457
data/1863-1864/prot_1863-1864_adeln_IV.xml	1863-1864	adeln	bifall till ifrågavarande § i den nådiga propositionen, utan	 bifall till ifrågavarande 8 i den nådiga propositionen, utan	1	0.1111111119389534	0.0166666666666666
data/1863-1864/prot_1863-1864_adeln_IV.xml	1863-1864	adeln	Herr landtmarskalkens till ståndet ställda fråga, om	 Herr landtmarskalkens till ständet ställda fräga, om	2	0.2857142984867096	0.0384615384615384
data/1863-1864/prot_1863-1864_bonde_II.xml	1863-1864	bonde	att barnen, då de blifvit myndiga, borde få gå i främmande	 att barnen, då de blifvit myndiga, borde få gå i främmande	0	0.0	0.0
data/1863-1864/prot_1863-1864_bonde_II.xml	1863-1864	bonde	kande beträffande ifrågavarande § medelst 27 röster mot 6.	kande beträffande ifrågavarande 8 medelst 27 röster mot 6. 	1	0.1111111119389534	0.0172413793103448
data/1863-1864/prot_1863-1864_bonde_II.xml	1863-1864	bonde	icke borde hafva samma rätt öfver forsterbarn som verkliga	 icke borde hafva samma rätt öfver fosterbarn som verkliga 	1	0.1111111119389534	0.0172413793103448
data/1863-1864/prot_1863-1864_bonde_II.xml	1863-1864	bonde	Hagman föreslagna ändring.	 Hagman föreslagna ändring.	0	0.0	0.0
data/1863-1864/prot_1863-1864_bonde_II.xml	1863-1864	bonde	således endast på grund av orlofssedlarne.	 således endast på grund af orlofssedlarne.	1	0.1666666716337204	0.0238095238095238
data/1863-1864/prot_1863-1864_bonde_II.xml	1863-1864	bonde	samt förmälte, att befolkningen inom Åbo län vore ålagd	 samt förmälte, att befolkningen inom Åbo län vore ålagd	0	0.0	0.0
data/1863-1864/prot_1863-1864_bonde_I.xml	1863-1864	bonde	efter tre år. Ståndets medlemmar synas vara af olika	 efter tre är. Ständets medlemmar synas vara af olika	2	0.2222222238779068	0.0384615384615384
data/1863-1864/prot_1863-1864_bonde_I.xml	1863-1864	bonde	Men häremot hafva föregående talare yttrat, att det	 Men häremot hafva föregående talare yttrat, att det	0	0.0	0.0
data/1863-1864/prot_1863-1864_bonde_I.xml	1863-1864	bonde	inrättas. Ståndet borde icke tänka på att genom obetänk-	 inrättas. Ständet borde icke tänka på att genom obetänks	2	0.2222222238779068	0.0357142857142857
data/1863-1864/prot_1863-1864_borgare_III.xml	1863-1864	borgare	tets betänkande, framställdes af herr talmannen, efter slu-	ttets betänkande, framställdes af herr talmannen, efter slut	2	0.25	0.0338983050847457
data/1863-1864/prot_1863-1864_borgare_III.xml	1863-1864	borgare	vilja det senare, svara nekande.	 vilja det senare, svara nekande.	0	0.0	0.0
data/1863-1864/prot_1863-1864_borgare_III.xml	1863-1864	borgare	Herr Tengström: Vid § 15 ville jag anmärka, att	 Herr Tengström: Vid & 15 ville jag anmärka, att	1	0.1111111119389534	0.0212765957446808
data/1863-1864/prot_1863-1864_borgare_II.xml	1863-1864	borgare	b) Lagutskottets betänkande N:o 10, i anledning af	 b) Lagutskottets betänkande N:o 10, i anledning af	0	0.0	0.0
data/1863-1864/prot_1863-1864_borgare_II.xml	1863-1864	borgare	upphäfvande af indigenatsrätten för läroståndet inom lan-	 upphäfvande af indigenatsrätten för läroståndet inom land	1	0.1428571492433548	0.0175438596491228
data/1863-1864/prot_1863-1864_borgare_II.xml	1863-1864	borgare	Beslöts till bordläggning af nämnde fyra betänkanden	 Beslöts till bordläggning af nämnde fyra betänkanden	0	0.0	0.0
data/1863-1864/prot_1863-1864_borgare_II.xml	1863-1864	borgare	brukar vare likväl behörig att, utan särskildt bemyndigan-	brokar, vare likväl behörig att, utan särskildt bemyndigand	3	0.25	0.0517241379310344
data/1863-1864/prot_1863-1864_borgare_II.xml	1863-1864	borgare	Ofvanstående proposition antogs af ståndet enhälligt;	 Ofvanstående proposition antogs af ståndet enhälligt;	0	0.0	0.0
data/1863-1864/prot_1863-1864_borgare_II.xml	1863-1864	borgare	enligt talarens åsigt, det ej funnes minsta skäl att förmena	 enligt talarens äsigt, det ej funnes minsta skäl att förmena	1	0.1000000014901161	0.0166666666666666
data/1863-1864/prot_1863-1864_praster_II.xml	1863-1864	praster	och intagande uti betänkandet af sista momentet utaf	 och intagande uti betänkandet af sista momentet utaf	0	0.0	0.0
data/1863-1864/prot_1863-1864_praster_II.xml	1863-1864	praster	herredagspenningars utgörande äfven från de för prester-	 herredagspenningars utgörande äfven frän de för presters	2	0.2857142984867096	0.0357142857142857
data/1863-1864/prot_1863-1864_praster_II.xml	1863-1864	praster	statens enke- och pupillkassa under den 9 sistlidne septem-	lstatens enke- och pupillkassa under den 9 sistlidne septemb	2	0.2222222238779068	0.0338983050847457
data/1863-1864/prot_1863-1864_praster_II.xml	1863-1864	praster	jemväl och isynnerhet för alla sådana lägenheter, som icke	 jemväl och isynnerhet för alla sådana lägenheter, som icke	0	0.0	0.0
data/1863-1864/prot_1863-1864_praster_II.xml	1863-1864	praster	läggande och förödande; jag må icke lemna onämndt det	läggande och förödande; jag må icke lemna onämndt det 	0	0.0	0.0
data/1863-1864/prot_1863-1864_praster_II.xml	1863-1864	praster	skadeersättningar blifva snart ägare icke allenast af den	 skadeersättningar blifva snart ägare icke allenast af den	0	0.0	0.0
data/1863-1864/prot_1863-1864_praster_I.xml	1863-1864	praster	gen i början af betänkandet talades om universitets-, gym-	igen i början af betänkandet talades om universitets-, gymn	2	0.2222222238779068	0.0344827586206896
data/1863-1864/prot_1863-1864_praster_I.xml	1863-1864	praster	förefallna diskussionen, önskade prosten i korthet uttala	 förefallna diskussionen, önskade prosten i korthet uttala	0	0.0	0.0
data/1863-1864/prot_1863-1864_praster_I.xml	1863-1864	praster	debet och kredit blifvit uti detta afseende uppgjord. Detta	 debet och kredit blifvit uti detta afseende uppgjord. Detta	0	0.0	0.0
data/1863-1864/prot_1863-1864_prester_III.xml	1863-1864	prester	om dess ersättande genom något annat. Jag anser såle-	 om dess ersättande genom något annat. Jag anser såled	1	0.1111111119389534	0.0188679245283018
data/1863-1864/prot_1863-1864_prester_III.xml	1863-1864	prester	skas paragraf för paragraf. Första paragrafen handlar	skas paragraf för paragraf. Första paragrafen handlar 	0	0.0	0.0
data/1863-1864/prot_1863-1864_prester_III.xml	1863-1864	prester	en förut fattad öfvertygelse, som ej kan rubbas af någon	 en förut fattad öfvertygelse, som ej kan rubbas af någon	0	0.0	0.0
data/1863-1864/prot_1863-1864_prester_III.xml	1863-1864	prester	det nu är tu tal om den der stora ekonomiska fördelen	 det nu är tu tal om den der stora ekonomiska fördelen	0	0.0	0.0
data/1863-1864/prot_1863-1864_prester_III.xml	1863-1864	prester	ståndet rådande opinionen. Det mest besynnerliga af de	ständet rädande opinionen. Det mest besynnerliga af de 	2	0.25	0.037037037037037
data/1863-1864/prot_1863-1864_prester_III.xml	1863-1864	prester	„farhågan att efter införande af fabriksbränning sedlighetens	 yfarhägan att efter införande af fabriksbränning sedlighetens	2	0.1428571492433548	0.0327868852459016
data/1863-1864/prot_1863-1864_prester_III.xml	1863-1864	prester	qvantitet brännvin kan tillverkas, att den motsvarar 10	 gvantitet brännvin kan tillverkas, att den motsvarar 10	1	0.125	0.0181818181818181
data/1863-1864/prot_1863-1864_prester_III.xml	1863-1864	prester	nas form, det erkänner jag gerna — och det är mig äf-	rnas form, det erkänner jag gerna — och det är mig äfv	2	0.1666666716337204	0.0377358490566037
data/1863-1864/prot_1863-1864_prester_III.xml	1863-1864	prester	erhållit. Vore förhållandet sådant som kyrkoherden Hei-	 erhållit. Vore förhållandet sådant som kyrkoherden Heik	1	0.1428571492433548	0.0181818181818181
data/1863-1864/ptk_1863-1864_talonpojat_II.xml	1863-1864	talonpojat	toden mukaan se niin ei olisi. Jos tilattomille kuitenkin tahdot=	 toben mukaan fe niin ei olii. Ios tilattomille kuitenkin tahdot t	6	0.5454545617103577	0.0923076923076923
data/1863-1864/ptk_1863-1864_talonpojat_II.xml	1863-1864	talonpojat	ei woinut suostua waliokunnan lausuntoon ja yhtyi siihen mitä	 ei moinut fuostua waliofunnan laufuntoon ja yhtyi fiihen mitä	5	0.5555555820465088	0.081967213114754
data/1863-1864/ptk_1863-1864_talonpojat_II.xml	1863-1864	talonpojat	ettei tilattomia, saadaksensa oikeuden itse edestänsä wastata, pitäisi	 ettei tilattomia, faadaffenfa oikeuden itje edestänjä wastata, pitäifi	7	0.5	0.1
data/1863-1864/ptk_1863-1864_talonpojat_II.xml	1863-1864	talonpojat	högvördiga ståndet med några förändringar och tillägg an-	ä määrä fåädettäiftin erilaifekji eri läänisjä. Sillä ja m	45	1.0	0.7894736842105263
data/1863-1864/ptk_1863-1864_talonpojat_II.xml	1863-1864	talonpojat	„Vill ridderskapet och adeln att § 6 af betänkandet	, ikä puhujalla ei ollut mitään fofemusta meren fuht	40	1.0	0.7843137254901961
data/1863-1864/ptk_1863-1864_talonpojat_II.xml	1863-1864	talonpojat	skall helt och hållet utgå?	sfä wettä olifi hylläkji. Pa	20	1.0	0.7407407407407407
data/1863-1864/ptk_1863-1864_talonpojat_II.xml	1863-1864	talonpojat	Edusmies Warpenius lausui että, jos toisiaanki toiwottiin	 Gdusmies Varvenius laufui että, jos toiftaanki toivottiin	7	0.7142857313156128	0.1228070175438596
data/1863-1864/ptk_1863-1864_talonpojat_II.xml	1863-1864	talonpojat	puhuja pitäwänsä selwittää että nimellä „kihlakunta“ la'issa ym=	" puhuja pitämänjä fehwittää että nimellä kihlakunta"" lo'isja ymmä"	10	0.625	0.15625
data/1863-1864/ptk_1863-1864_talonpojat_II.xml	1863-1864	talonpojat	Edusmies Mynttinen hywäksyi kohdan.	 Ebusmies Mynttinen hyväkjyi kohdan.	3	0.5	0.0857142857142857
data/1867/prot_1867_adeln_III.xml	1867	adeln	hvarest afvikelser från det nu gällande föreslagits.	 hvarest afvikelser från det nu gällande föreslagits.	0	0.0	0.0
data/1867/prot_1867_adeln_III.xml	1867	adeln	allt som kunde få benämning af nyare tidens principer i ämnet.	 allt som kunde få benämning af nyare tidens principer i ämnet.	0	0.0	0.0
data/1867/prot_1867_adeln_III.xml	1867	adeln	Emellertid kan jag icke undertrycka ett beklagande af att	 Emellertid kan jag icke undertrycka ett beklagande af att	0	0.0	0.0
data/1867/prot_1867_adeln_III.xml	1867	adeln	exakt det belopp, som blifvit utanordnadt till folkskolors under-	 exakt det belopp, som blifvit utanordnadt till folkskolors underh	1	0.1111111119389534	0.0153846153846153
data/1867/prot_1867_adeln_III.xml	1867	adeln	tet uppgifvit, men icke ett erkännande deraf att icke folksko-	ttet uppgifvit, men icke ett erkännande deraf att icke folkskol	2	0.2000000029802322	0.032258064516129
data/1867/prot_1867_adeln_III.xml	1867	adeln	år 1865, ehuru de blifvit utreqvirerade först år 1866. På samma	 år 1865, ehuru de blifvit utregvirerade först år 1866. På samma	1	0.0909090936183929	0.0158730158730158
data/1867/prot_1867_adeln_II.xml	1867	adeln	ring eller förstöring af de i kyrkor eller andra allmänna bygg-	gring eller förstöring af de i kyrkor eller andra allmänna byggn	2	0.1818181872367859	0.0317460317460317
data/1867/prot_1867_adeln_II.xml	1867	adeln	färdad, äfvensom att H. K. Majestät i öfrigt måtte vidtaga de	färdad, äfvensom att H. K. Majestät i öfrigt måtte vidtaga de 	0	0.0	0.0
data/1867/prot_1867_adeln_II.xml	1867	adeln	afseende för ändamålet befinnes nödig, till dessa i ämnet aflåta	 afseende för ändamälet befinnes nödig, till dessa i ämnet afläta	2	0.2000000029802322	0.03125
data/1867/prot_1867_borgare_II.xml	1867	borgare	sition beslöts att § 4 i ifrågavarande kap. såsom innehållande	sition beslöts att $ 4 i ifrågavarande kap. såsom innehållande 	1	0.1000000014901161	0.0161290322580645
data/1867/prot_1867_borgare_II.xml	1867	borgare	Då borgareståndet i dag till åtgärd förehaft Lagutskottets	 Då borgareständet i dag till åtgärd förehaft Lagutskottets	1	0.125	0.0172413793103448
data/1867/prot_1867_borgare_II.xml	1867	borgare	klockan tolf,“ i 15 § 25 kap. „sist på den trettionde dagen före	" klockan tolf* i 15 & 25 kap. ""sist pä den trettionde dagen före "	5	0.3076923191547394	0.078125
data/1867/prot_1867_borgare_I.xml	1867	borgare	genom i tid vidtagna åtgärder, söka att förekomma alltför stora	 genom i tid vidtagna åtgärder, söka att förekomma alltför stora	0	0.0	0.0
data/1867/prot_1867_borgare_I.xml	1867	borgare	som lemnar medel att bibehålla landets konsumtion på dess när-	 som lemnar medel att bibehålla landets konsumtion på dess närv	1	0.1000000014901161	0.0161290322580645
data/1867/prot_1867_borgare_I.xml	1867	borgare	Såsom en följd af de petitioner i ämnet, som landets expor-	 Såsom en följd af de petitioner i ämnet, som landets export	1	0.0909090936183929	0.0169491525423728
data/1867/prot_1867_borgare_I.xml	1867	borgare	kontrapropositionen var af ståndet antagen och således senare	 kontrapropositionen var af ständet antagen och säledes senare	2	0.25	0.0327868852459016
data/1867/prot_1867_borgare_I.xml	1867	borgare	ligen fäldt, njute rådrum att det föryttra eller för eget behof	ligen fäldt, njute rådrum att det föryttra eller för eget behof 	0	0.0	0.0
data/1867/prot_1867_borgare_I.xml	1867	borgare	använda under de första fjorton dagarne af fridlysningstiden	 använda under de första fjorton dagarne af fridlysningstiden	0	0.0	0.0
data/1867/prot_1867_praster_III.xml	1867	praster	Domprosten doktor Borg ansåg saken helt och hållet oprak-	 Domprosten doktor Borg ansåg saken helt och hållet oprakt	1	0.1111111119389534	0.0175438596491228
data/1867/prot_1867_praster_III.xml	1867	praster	skjutsandes hästar vara fullt ut lika tung som dubbelt tyngre vagn	 skjutsandes hästar vara fullt ut lika tung som dubbelt tyngre vagn	0	0.0	0.0
data/1867/prot_1867_praster_III.xml	1867	praster	framställd proposition, enhälligt enligt utskottets betänkande.	 framställd proposition, enhälligt enligt utskottets betänkande.	0	0.0	0.0
data/1867/prot_1867_praster_II.xml	1867	praster	brytaren skall underkastas åtminstone samma mått af lidande som	brytaren skall underkastas åtminstone samma mått af lidande som 	0	0.0	0.0
data/1867/prot_1867_praster_II.xml	1867	praster	som gör sinom nästa skada, honom skall man göra såsom han	 som gör sinom nästa skada, honom skall man göra såsom han	0	0.0	0.0
data/1867/prot_1867_praster_II.xml	1867	praster	men icke återvinnes det derigenom att ett annat förspilles. Icke	 men icke återvinnes det derigenom att ett annat förspilles. Icke	0	0.0	0.0
data/1867/prot_1867_praster_I.xml	1867	praster	icke deltagit i beslutet om arfvodesbeloppet, utan endast för upp-	 icke deltagit i beslutet om arfvodesbeloppet, utan endast för uppl	1	0.1000000014901161	0.0151515151515151
data/1867/prot_1867_praster_I.xml	1867	praster	Lampén kunde bestämmas arfvode till lika belopp som åt stiftets	 Lampön kunde bestämmas arfvode till lika belopp som ät stiftets	2	0.2000000029802322	0.0317460317460317
data/1867/prot_1867_praster_I.xml	1867	praster	På framställning af herr talemannen gillade ståndet enhälligt	 På framställning af herr talemannen gillade ståndet enhälligt	0	0.0	0.0
data/1867/ptk_1867_talonpojat_II.xml	1867	talonpojat	rättävä, otetaanko kutsumus kuuloon vai ei, ja sitte vasta keskus-	ärättävä, otetaanko kutsumus kuuloon vai ei, ja sitte vasta keskust	2	0.2000000029802322	0.0303030303030303
data/1867/ptk_1867_talonpojat_II.xml	1867	talonpojat	Edusmies Kumpulainen lausui puheena olevalla kysymyk-	 Edusmies Kumpulainen lausui puheena olevalla kysymyks	1	0.1666666716337204	0.0188679245283018
data/1867/ptk_1867_talonpojat_II.xml	1867	talonpojat	Nykyiset olot olivat erinomaittain hyvät. Vanhat juomarit puhujan	 Nykyiset olot olivat erinomaittain hyvät. Vanhat juomarit puhujan	0	0.0	0.0
data/1867/ptk_1867_talonpojat_I.xml	1867	talonpojat	Arvoisan Talonpoikaissäädyn puhemiehelle.	 Arvoisan Talonpoikaissäädyn puhemiehelle.	0	0.0	0.0
data/1867/ptk_1867_talonpojat_I.xml	1867	talonpojat	Hänen Keisarilliselle Majesteetillensä alamaisuudessa ilmoit-	 Hänen Keisarilliselle Majesteetillensä alamaisuudessa ilmoitt	1	0.2000000029802322	0.0163934426229508
data/1867/ptk_1867_talonpojat_I.xml	1867	talonpojat	toimitetun murhayrityksen johdosta, on Hänen Majesteettinsä suo-	 toimitetun murhayrityksen johdosta, on Hänen Majesteettinsä suos	1	0.1428571492433548	0.015625
data/1867/ptk_1867_talonpojat_I.xml	1867	talonpojat	nööriä“, joka puhujan mielestä olisi erhetyttävä, vaihdettaisiin lau-	"inööriä"", joka puhujan mielestä olisi erhetyttävä, vaihdettaisiin laus"	3	0.25	0.0434782608695652
data/1867/ptk_1867_talonpojat_I.xml	1867	talonpojat	Edusmiehet Kumpulainen ja Slotte, jotka olivat pyytä-	 Edusmiehet Kumpulainen ja Slotte, jotka olivat pyytän	1	0.1428571492433548	0.0188679245283018
data/1867/ptk_1867_talonpojat_I.xml	1867	talonpojat	Edusmies Kylmälä piti puheenalaisen §:n epäselvänä siinä	 Edusmies Kylmälä piti puheenalaisen S:n epäselvänä siinä	1	0.1428571492433548	0.0178571428571428
data/1872/prot_1872_adeln_III.xml	1872	adeln	jernväg skall gå fram är långt ifrån detalj, — icke skulle blifva föremål	 jernväg skall gå fram är långt ifrån detalj, — icke skulle blifva föremål	0	0.0	0.0
data/1872/prot_1872_adeln_III.xml	1872	adeln	tit böra bringas till utförande, nemligen Tammerfors och Wiiala—	tit böra bringas till utförande, nemligen Tammerfors och Wiiala— 	0	0.0	0.0
data/1872/prot_1872_adeln_III.xml	1872	adeln	enligt sitt åtagande och koncessionsaftalet, skulle, i händelse så	 enligt sitt åtagande och koncessionsaftalet, skulle, i händelse så	0	0.0	0.0
data/1872/prot_1872_adeln_III.xml	1872	adeln	— ang. pet. om ett ständerhus II 79, III 353, 408	8. ang. pet. om ett ständerhus II 79, III 353, 408	2	0.0909090936183929	0.0408163265306122
data/1872/prot_1872_adeln_III.xml	1872	adeln	— and. pet. om inträttande af en högsta domstol II 1, 118	0. ang. pet. om inrättande af en högsta domstol III 1, 118	5	0.3333333432674408	0.087719298245614
data/1872/prot_1872_adeln_III.xml	1872	adeln	III 354.	 III 354.	0	0.0	0.0
data/1872/prot_1872_adeln_II.xml	1872	adeln	verkets fonder och de egentliga bankfonderna. De skäl, som	verkets fonder och de egentliga bankfonderna. De skäl, som 	0	0.0	0.0
data/1872/prot_1872_adeln_II.xml	1872	adeln	beträffar, innehåller det sista momentet, att banken utgifver till	 beträffar, innehåller det sista momentet, att banken utgifver till	0	0.0	0.0
data/1872/prot_1872_adeln_II.xml	1872	adeln	nare delen af paragrafen beträffar, har bankutskottet gjort ett	nare delen af paragrafen beträffar, har bankutskottet gjort ett 	0	0.0	0.0
data/1872/prot_1872_borgare_III.xml	1872	borgare	Denna proposition besvarades med öfvervägande nej.	 Denna proposition besvarades med öfvervägande nej.	0	0.0	0.0
data/1872/prot_1872_borgare_III.xml	1872	borgare	att lemna dessa helt och hållet åt sitt öde och blott stifta	 att lemna dessa helt och hållet åt sitt öde och blott stifta	0	0.0	0.0
data/1872/prot_1872_borgare_III.xml	1872	borgare	och minutförsäljare äfvensom gästgifvare i stad eller på lan-	 och minutförsäljare äfvensom gästgifvare i stad eller på land	1	0.1111111119389534	0.0163934426229508
data/1872/prot_1872_borgare_II.xml	1872	borgare	det antoge betänkandet, ville för sin del besluta till att uti	 det antoge betänkandet, ville för sin del besluta till att uti	0	0.0	0.0
data/1872/prot_1872_borgare_II.xml	1872	borgare	Nådig proposition om vattenverk och vattenledningar i lan-	 Nädig proposition om vattenverk och vattenledningar i land	2	0.25	0.0344827586206896
data/1872/prot_1872_borgare_II.xml	1872	borgare	sionären sysselsätter endast några få personer med arbete,	ssionären sysselsätter endast några få personer med arbete,	1	0.125	0.0172413793103448
data/1872/prot_1872_borgare_I.xml	1872	borgare	att, på skäl som Herr Frey anfört, orden “utdelning af“	 att, på skäl som Herr Frey anfört, orden ”utdelning af”	2	0.2000000029802322	0.0363636363636363
data/1872/prot_1872_borgare_I.xml	1872	borgare	för nu ifrågavarande upphörd.	 för nu ifrågavarande uppbörd.	1	0.25	0.0344827586206896
data/1872/prot_1872_borgare_I.xml	1872	borgare	Herr Frey förenade sig med Herr Tengström om	 Herr Frey förenade sig med Herr Tengström om	0	0.0	0.0
data/1872/prot_1872_praster_III.xml	1872	praster	här har begärts ökadt anslag, utan att något ändemål uppgifvits,	 här har begärts ökadt anslag, utan att något ändamål uppgifvits,	1	0.1000000014901161	0.015625
data/1872/prot_1872_praster_III.xml	1872	praster	hänför sig till den första uppsättningen af verkstäder och skolor.	 hänför sig till den första uppsättningen af verkstäder och skolor.	0	0.0	0.0
data/1872/prot_1872_praster_III.xml	1872	praster	visoriskt, vill jag anmärka att meningen med dem ju varit sådan,	visoriskt, vill jag anmärka att meningen med dem ju varit sådan, 	0	0.0	0.0
data/1872/prot_1872_praster_III.xml	1872	praster	två ojäfvige nämndemän, efter af fastighetsägaren kungjord termin,	 tvä ojäfvige nämndemän, efter af fastighetsägaren kungjord termin,	1	0.125	0.0151515151515151
data/1872/prot_1872_praster_III.xml	1872	praster	qvasi-fastighet, som här är i fråga. Skulle nu den kejserliga pro-	 avasi-fastighet, som här är i fråga. Skulle nu den kejserliga prop	2	0.1818181872367859	0.0303030303030303
data/1872/prot_1872_praster_III.xml	1872	praster	hela andragande var en med ingress försedd mention. Här säges	 hela andragande var en med ingress försedd mention. Här säges	0	0.0	0.0
data/1872/prot_1872_praster_II.xml	1872	praster	mening hyllas äfven af de rättslärde både i Sverige och de civili-	 mening hyllas äfven af de rättslärde både i Sverige och de civilis	1	0.0833333358168602	0.0151515151515151
data/1872/prot_1872_praster_II.xml	1872	praster	kriminella; den finske prokuratorns åsigt betyder emot desses	 kriminella; den finske prokuratorns åsigt betyder emot desses	0	0.0	0.0
data/1872/prot_1872_praster_II.xml	1872	praster	gällande författning angående urarfvagörelse af den 9 nov. 1868	 gällande författning angäende urarfvagörelse af den 9 nov. 1868	1	0.1111111119389534	0.0158730158730158
data/1872/ptk_1872_talonpojat_II.xml	1872	talonpojat	316, 326, 336, 337, 338, 339, 346, 351, 360, 366, 367, 381	 316, 326, 336, 337, 338, 339, 346, 351, 360, 366, 367, 381	0	0.0	0.0
data/1872/ptk_1872_talonpojat_II.xml	1872	talonpojat	697, 704, 709, 714, 718, 726, 732, 739, 745, 751, 771, 772,	 697, 704, 709, 714, 718, 726, 732, 739, 745, 751, 771, 772,	0	0.0	0.0
data/1872/ptk_1872_talonpojat_II.xml	1872	talonpojat	————— valittu jäseneksi kunnallishallitus-valiokuntaan. I. 20.	smies. valittu jäseneksi kunnallishallitus-valiokuntaan. I. 20.	6	0.1666666716337204	0.0967741935483871
data/1872/ptk_1872_talonpojat_II.xml	1872	talonpojat	————— niiden tilan parantamisesta kts. anom. ehd. n:o 27	parit: niiden tilan parantamisesta kts. anom. ehd. n:o 27	6	0.1111111119389534	0.1071428571428571
data/1872/ptk_1872_talonpojat_II.xml	1872	talonpojat	————— helpoituksista niiden perinnöksi lunastamisessa, kts. anom. ehd.	maat: helpoituksista niiden perinnöksi lunastamisessa, kts. anom. ehd. 	5	0.125	0.0714285714285714
data/1872/ptk_1872_talonpojat_II.xml	1872	talonpojat	————— sen asettamisesta Jyväskylään, kts. anom. ehd. n:o 24,	asto: sen asettamisesta Jyväskylään, kts. anom. ehd. n:o 24. 	6	0.2222222238779068	0.1
data/1872/ptk_1872_talonpojat_I.xml	1872	talonpojat	verojakaan tarvitsisi koroittaa. — Viimeksi tahtoi puhuja edus-	averojakaan tarvitsisi koroittaa. — Viimeksi tahtoi puhuja edusm	2	0.25	0.0317460317460317
data/1872/ptk_1872_talonpojat_I.xml	1872	talonpojat	Edusmies Puhakka piti hoitolaitosta kyllä tarpeellisena,	 Edusmies Puhakka piti hoitolaitosta kyllä tarpeellisena,	0	0.0	0.0
data/1872/ptk_1872_talonpojat_I.xml	1872	talonpojat	Landtdagsmannen Rosendal anhöll att få erinra derom,	 Landtdagsmannen Rosendal anhöll att fä erinra derom,	1	0.1428571492433548	0.0192307692307692
data/1877-1878/prot_1877-1878_borgare_III.xml	1877-1878	borgare	§ 1.	 S 1.	1	0.5	0.25
data/1877-1878/prot_1877-1878_borgare_III.xml	1877-1878	borgare	nad emellan kommunen och församlingen. Församlingen är dock	nad emellan kommunen och församlingen. Församlingen är dock 	0	0.0	0.0
data/1877-1878/prot_1877-1878_borgare_III.xml	1877-1878	borgare	faller mig också innehålla en hel mängd onödiga bestämningar	faller mig också innehålla en hel mängd onödiga bestämningar 	0	0.0	0.0
data/1877-1878/prot_1877-1878_borgare_III.xml	1877-1878	borgare	nom det senare tillkomna åliggandet att skjutsa posten, hvilken	nom det senare tillkomna åliggandet att skjutsa posten, hvilken 	0	0.0	0.0
data/1877-1878/prot_1877-1878_borgare_III.xml	1877-1878	borgare	teras i det syfte jag haft äran nämna.	teras i det syfte jag haft äran nämna. 	0	0.0	0.0
data/1877-1878/prot_1877-1878_borgare_III.xml	1877-1878	borgare	om återremiss åsyftat. I sin egenskap af ett provisorium går lag-	 om återremiss äsyftat. I sin egenskap af ett provisorium går lagf	2	0.1818181872367859	0.0307692307692307
data/1877-1878/prot_1877-1878_borgare_I.xml	1877-1878	borgare	Herr Ignatius förslog att propositionen skulle, på samma	Herr Ignatius föreslog att propositionen skulle, pä samma	2	0.25	0.0357142857142857
data/1877-1878/prot_1877-1878_borgare_I.xml	1877-1878	borgare	till sammansatta Lag- och Ekonomiutskottet.	 till sammansatta Lag- och Ekonomiutskottet.	0	0.0	0.0
data/1877-1878/prot_1877-1878_borgare_I.xml	1877-1878	borgare	jag dock något skäl ej förefinnas för att nu vidtaga en dylik med	 jag dock nägot skäl ej förefinnas för att nu vidtaga en dylik med	1	0.0769230797886848	0.0153846153846153
data/1877-1878/prot_1877-1878_praster_III.xml	1877-1878	praster	en sådan uppbörd som denna. Men då ständerna nu hafva beslutit	 en sådan uppbörd som denna. Men då ständerna nu hafva beslutit	0	0.0	0.0
data/1877-1878/prot_1877-1878_praster_III.xml	1877-1878	praster	formitet med det beslut, som ståndet fattat i anledning af nådiga	formitet med det beslut, som ståndet fattat i anledning af nådiga 	0	0.0	0.0
data/1877-1878/prot_1877-1878_praster_III.xml	1877-1878	praster	propositionens 4 § och dess 3 mom. och anser äfven, att de be-	 propositionens 4 & och dess 3 mom. och anser äfven, att de bes	2	0.1538461595773697	0.032258064516129
data/1877-1878/prot_1877-1878_praster_II.xml	1877-1878	praster	lefnadssätt hos en person, som inom annan än egen kommun be-	 lefnadssätt hos en person, som inom annan än egen kommun bef	1	0.0909090936183929	0.0166666666666666
data/1877-1878/prot_1877-1878_praster_II.xml	1877-1878	praster	Prosten Rosengren: Jag för min del godkänner utskot-	 Prosten Rosengren: Jag för min del godkänner utskott	1	0.125	0.0192307692307692
data/1877-1878/prot_1877-1878_praster_II.xml	1877-1878	praster	som förekommer i den kejserliga propositionen och anser den-	 som förekommer i den kejserliga propositionen och anser dens	1	0.1111111119389534	0.0166666666666666
data/1877-1878/prot_1877-1878_praster_V.xml	1877-1878	praster	ningar årligen att stiga till 727,000 mark och denna kostnad är	ningar årligen att stiga till 727,000 mark och denna kostnad är 	0	0.0	0.0
data/1877-1878/prot_1877-1878_praster_V.xml	1877-1878	praster	ovilkorligen skola hållas hvarje år.	 ovilkorligen skola hällas hvarje år.	1	0.2000000029802322	0.0277777777777777
data/1877-1878/prot_1877-1878_praster_V.xml	1877-1878	praster	Domprosten Renvall: Jag fattar ej, huru man skall	 Domprosten Renvall: Jag fattar ej, huru man skall	0	0.0	0.0
data/1877-1878/ptk_1877-1878_talonpojat_II.xml	1877-1878	talonpojat	vara en ganska naturlig sak. Ty för det första betala de åt sina	 vara en ganska naturlig sak. Ty för det första betala de ät sina	1	0.0769230797886848	0.015625
data/1877-1878/ptk_1877-1878_talonpojat_II.xml	1877-1878	talonpojat	äfven detta erlägges vanligen i penningar, såsom ock andra afgifter,	 äfven detta erlägges vanligen i penningar, såsom ock andra afgifter,	0	0.0	0.0
data/1877-1878/ptk_1877-1878_talonpojat_II.xml	1877-1878	talonpojat	gröda som jorden bär och hvarje kräk som har lif. Denna svårig-	 gröda som jorden bär och hvarje kräk som har lif. Denna svärigh	2	0.0833333358168602	0.0317460317460317
data/1877-1878/ptk_1877-1878_talonpojat_I.xml	1877-1878	talonpojat	pojat itse kantaa edusmiehiensä kautta, jotka ovat siihen valtuutetut	pojat itse kantaa edusmiehiensä kautta, jotka ovat siihen valtuutetut 	0	0.0	0.0
data/1877-1878/ptk_1877-1878_talonpojat_I.xml	1877-1878	talonpojat	yttrande, att Hans Kejserliga Majestät icke skulle låna ett villigt	 yttrande, att Hans Kejserliga Majestät icke skulle låna ett villigt	0	0.0	0.0
data/1877-1878/ptk_1877-1878_talonpojat_I.xml	1877-1878	talonpojat	upplåtet»	 upplåtet»	0	0.0	0.0
data/1877-1878/ptk_1877-1878_talonpojat_I.xml	1877-1878	talonpojat	herroja, niin tahdon vaan huomattaa, ettei tässä ole kysymys, minkä	herroja, niin tahdon vaan huomattaa, ettei tässä ole kysymys, minkä 	0	0.0	0.0
data/1877-1878/ptk_1877-1878_talonpojat_I.xml	1877-1878	talonpojat	sen toimen tosin kuuluvan hänen velvollisuuteensa, vaan olevan mah-	 sen toimenosin kuuluvan hänen velvollisuuteensa, vaan olevan mahdot	5	0.375	0.0746268656716417
data/1877-1878/ptk_1877-1878_talonpojat_I.xml	1877-1878	talonpojat	eller ej, så motsätter jag mig inbjudningen. Ett sådant beslut an-	 eller ej, sä motsätter jag mig inbjudningen. Ett sådant beslut ans	2	0.1818181872367859	0.0303030303030303
data/1877/prot_1877_adeln_II.xml	1877	adeln	dessutom icke, hvartill den stora skatten, sådan den nu är före-	 dessutom. icke, hvartill den stora skatten, sådan den nu är före	2	0.1818181872367859	0.03125
data/1877/prot_1877_adeln_II.xml	1877	adeln	das, såsom propositionen föreslår, till en ersättning för de hus-	ndas, såsom propositionen föreslår, till en ersättning för de husd	2	0.2000000029802322	0.0307692307692307
data/1877/prot_1877_adeln_II.xml	1877	adeln	också för dyrbar egendom, husdjuren. Dessa yttranden hafva va-	 också för dyrbar egendom, husdjuren. Dessa yttranden hafva va-	0	0.0	0.0
data/1877/prot_1877_adeln_I.xml	1877	adeln	styrelse bör förfara, då tvifvel förekomma i förevarande afseende.	 styrelse bör förfara, dä tvifvel förekomma i förevarande afseende.	1	0.1111111119389534	0.0151515151515151
data/1877/prot_1877_adeln_I.xml	1877	adeln	ningar, tillkomna med regentens och ständernas begifvande. Att	ningar, tillkomna med regentens och ständernas begifvande. Att 	0	0.0	0.0
data/1877/prot_1877_adeln_I.xml	1877	adeln	utskottets betänkande, har jag trott mig vara manad att, såvidt	 utskottets betänkande, har jag trott mig vara manad att, såvidt	0	0.0	0.0
data/1877/prot_1877_adeln_I.xml	1877	adeln	upprepande af det förslag, som väcktes vid senaste landtdag af	upprepande af det förslag, som väcktes vid senaste landtdag af 	0	0.0	0.0
data/1877/prot_1877_adeln_I.xml	1877	adeln	medan här åter icke är fråga om historieforskning, utan om en	 medan här åter icke är fråga om historieforskning, utan om en	0	0.0	0.0
data/1877/prot_1877_adeln_I.xml	1877	adeln	flyttbara, i sin vård. Detta är något annat än en akademi för	 flyttbara, i sin vård. Detta är något annat än en akademi för	0	0.0	0.0
data/1882/prot_1882_adeln_III.xml	1882	adeln	lämpligaste och eliminera felen. Detta hade varit ett naturligt	 lämpligaste och eliminera felen. Detta hade varit ett naturligt	0	0.0	0.0
data/1882/prot_1882_adeln_III.xml	1882	adeln	Herr Taube: Då några ärade medlemmar af det Högloftliga	 Herr Taube: Då några ärade medlemmar af det Höglofliga 	1	0.1111111119389534	0.0181818181818181
data/1882/prot_1882_adeln_III.xml	1882	adeln	och utskottets deröfver afgifna betänkande, hvarför kom	 och utskottets deröfver afgifna betänkande, hvarför kor	1	0.1428571492433548	0.0181818181818181
data/1882/prot_1882_adeln_III.xml	1882	adeln	diga förordningen af den 26 juli 1878, dock så att paragraferna	diga förordningen af den 26 juli 1878, dock sä att paragraferna 	1	0.0909090936183929	0.0158730158730158
data/1882/prot_1882_adeln_III.xml	1882	adeln	Karl Fred. Ignatius.	 Karl Ferd. Ignatius.	2	0.3333333432674408	0.1
data/1882/prot_1882_adeln_III.xml	1882	adeln	med år 1882. Då emellertid alla beräkningar baserats på en all-	 med är 1882. Då emellertid alla beräkningar baserats pä en allm	3	0.2727272808551788	0.0476190476190476
data/1882/prot_1882_adeln_II.xml	1882	adeln	ste vara ganska främmande, hvarför det särskildt för detta stånd	ste vara ganska främmande, hvärför det särskildt för detta stånd 	1	0.1000000014901161	0.015625
data/1882/prot_1882_adeln_II.xml	1882	adeln	endast tages i betraktande, denna anses såsom ett särskilt ämne.	 endast tages i betraktande, denna anses såsom ett särskilt ämne.	0	0.0	0.0
data/1882/prot_1882_adeln_II.xml	1882	adeln	angående den grund, på hvilken detaljgranskningen bör byggas.	 angående den grund, på hvilken detaljgranskningen bör byggas.	0	0.0	0.0
data/1882/prot_1882_borgare_III.xml	1882	borgare	som här blifvit gjord, ber jag att få anmärka, att denna näppeli-	 som här blifvit gjord, ber jag att få anmärka, att denna näppelig	1	0.0833333358168602	0.0153846153846153
data/1882/prot_1882_borgare_III.xml	1882	borgare	hvarifrån de skola tagas säger § 36 i L. O. Vi skola bestämma	 hvarifrån de skola tagas säger 8 36 i L.O. Vi skola bestämma 	2	0.25	0.0327868852459016
data/1882/prot_1882_borgare_III.xml	1882	borgare	hålla vigten af denna angelägenhet och yttermera petitionera om	hålla vigten af denna angelägenhet och yttermera petitionera om 	0	0.0	0.0
data/1882/prot_1882_borgare_I.xml	1882	borgare	juriskandidat, villig att vid innevarande landtdag blifva Borgare-	 juriskandidat, villig att vid innevarande landtdag blifva Borgares	1	0.125	0.0151515151515151
data/1882/prot_1882_borgare_I.xml	1882	borgare	huruvida detsamma ville till nämnde befattning antaga den så-	 huruvida detsamma ville till nämnde befattning antaga den sål	1	0.1111111119389534	0.0163934426229508
data/1882/prot_1882_borgare_I.xml	1882	borgare	justering utdrag ur ståndets protokoll för den 23 Januari.	 justering utdrag ur ståndets protokoll för den 23 Januari.	0	0.0	0.0
data/1882/prot_1882_borgare_I.xml	1882	borgare	till 60, skulle, ifall man ville bereda plats för hvarje barn i skol-	 till 60, skulle, ifall man ville bereda plats för hvarje barn i skolå	1	0.0769230797886848	0.0144927536231884
data/1882/prot_1882_borgare_I.xml	1882	borgare	o. s. v. Att ett dylikt stadgande icke vore för strängt framgår	 0. S. V. Att ett dylikt stadgande icke vore för strängt framgär	2	0.3333333432674408	0.0317460317460317
data/1882/prot_1882_borgare_I.xml	1882	borgare	sannolikt jemväl några andra kommuner, särskildt i norra Finland,	 sannolikt jemväl några andra kommuner, särskildt i norra Finland,	0	0.0	0.0
data/1882/prot_1882_praster_III.xml	1882	praster	färdig. Vidare skulle gemensamma möten för folkskolelärare, der	 färdig. Vidare skulle gemensamma möten för folkskolelärare, der	0	0.0	0.0
data/1882/prot_1882_praster_III.xml	1882	praster	86% af dessa inspektörer landets presterskap. Denna omstän-	 %/, af dessa inspektörer landets presterskap. Denna omständ	4	0.25	0.0677966101694915
data/1882/prot_1882_praster_III.xml	1882	praster	kommer att införa denna, på sätt och vis, uti ett nytt utvecklings-	 kommer att införa denna, på sätt och vis, uti ett nytt utvecklingss	1	0.0833333358168602	0.0149253731343283
data/1882/prot_1882_praster_I.xml	1882	praster	från 1863 års landtdag, då tal. hade äran fungera såsom notarie	 från 1863 års landtdag, dä tal. hade äran fungera såsom notarie	1	0.0909090936183929	0.0158730158730158
data/1882/prot_1882_praster_I.xml	1882	praster	stämd åsigt om det ena förslagets företräde framför det andra:	stämd åsigt om det ena förslagets företräde framför det andra; 	1	0.1000000014901161	0.0161290322580645
data/1882/prot_1882_praster_I.xml	1882	praster	förslag till kansliets ordnande och jemte detta inkomma till Stån-	 förslag till kansliets ordnande och jemte detta inkomma till Stånd	1	0.1000000014901161	0.0151515151515151
data/1882/prot_1882_praster_I.xml	1882	praster	icke äro så betydliga, att man kan räkna på att personer skola	 icke äro så betydliga, att man kan räkna på att personer skola	0	0.0	0.0
data/1882/prot_1882_praster_I.xml	1882	praster	landtdagsordningen i dess senare moment står, att „ej må i en	 landtdagsordningen i dess senare moment står, att ,ej mä i en	2	0.1818181872367859	0.0327868852459016
data/1882/prot_1882_praster_I.xml	1882	praster	jag nu har anmärkt, ej i någon händelse remitteras till utskotts	 jag nu har anmärkt, ej i nägon händelse remitteras till utskotts	1	0.0909090936183929	0.015625
data/1882/ptk_1882_talonpojat_II.xml	1882	talonpojat	Edusmies Avellan, että toisella rivillä 43 sivulla on sana	 Edusmies Avellan, että toisella rivillä 43 sivulla on sana	0	0.0	0.0
data/1882/ptk_1882_talonpojat_II.xml	1882	talonpojat	Keskustelun päätyttyä hyväksyi sääty 28 §:n niillä muistu-	 Keskustelun päätyttyä hyväksyi sääty 28 8:n niillä muistut	2	0.25	0.0344827586206896
data/1882/ptk_1882_talonpojat_II.xml	1882	talonpojat	jetettamista varten» pitäisi olla »kuljettamisen kautta».	jetettamista varten» pitäisi olla »kuljettamisen kautta». 	0	0.0	0.0
data/1882/ptk_1882_talonpojat_II.xml	1882	talonpojat	— n:o 9, K. Senaatin valtiovarain toimituskunnan säädyille antaman ker-	8. n:o 9, K. Senaatin valtiovarain toimituskunnan säädyille antaman kert	3	0.2000000029802322	0.0422535211267605
data/1882/ptk_1882_talonpojat_II.xml	1882	talonpojat	ys. p. 1231.	 ys. p. 1231.	0	0.0	0.0
data/1882/ptk_1882_talonpojat_II.xml	1882	talonpojat	— n:o 12, arm. esit. n:o 23 johdosta, joka koskee rahanmääräystä rauta-	3. n:o 12, arm. esit. n:o 23 johdosta, joka koskee rahanmääräystä rautat	3	0.1666666716337204	0.0422535211267605
data/1882/ptk_1882_talonpojat_I.xml	1882	talonpojat	laiset, jotka veroillansa kannattavat valtiolaitosta ja ruotsinkielisiä	laiset, jotka veroillansa kannattavat valtiolaitosta ja ruotsinkielisiä 	0	0.0	0.0
data/1882/ptk_1882_talonpojat_I.xml	1882	talonpojat	että näitä kouluja on perustettu ainoastaan välttämättömän tarpeen	 että näitä kouluja on perustettu ainoastaan välttämättömän tarpeen	0	0.0	0.0
data/1882/ptk_1882_talonpojat_I.xml	1882	talonpojat	kerran on kieltämätön.	 kerran on kieltämätön.	0	0.0	0.0
data/1885/prot_1885_adeln_III.xml	1885	adeln	derå, om det är förnuftigt att vid uppförande af allmänna bygg-	 derå, om det är förnuftigt att vid uppförande af allmänna byggn	1	0.0909090936183929	0.0158730158730158
data/1885/prot_1885_adeln_III.xml	1885	adeln	nande af alla dessa, såsom utskottet har uttryckt sig, ideala sy-	gnande af alla dessa, såsom utskottet har uttryckt sig, ideala sys	2	0.1818181872367859	0.0307692307692307
data/1885/prot_1885_adeln_III.xml	1885	adeln	männa statsmedlen och deras förvaltning, skulle öfvergå till sjelfva	männa statsmedlen och deras förvaltning, skulle öfvergä till sjelfva 	1	0.1111111119389534	0.0147058823529411
data/1885/prot_1885_adeln_II.xml	1885	adeln	uttalade principen att regeringen ensam och fritt får disponera	 uttalade principen att regeringen ensam och fritt får disponera	0	0.0	0.0
data/1885/prot_1885_adeln_II.xml	1885	adeln	vill icke alls tillåta mig att ur L. O. söka bevisa att åtminstone	 vill icke alls tillåta mig att ur L. O. söka bevisa att åtminstone	0	0.0	0.0
data/1885/prot_1885_adeln_II.xml	1885	adeln	detsamma, det i sådant fall är en afvikelse från det tillvägagående,	 detsamma, det i sädant fall är en afvikelse frän det tillvägagäende,	3	0.2727272808551788	0.0441176470588235
data/1885/prot_1885_adeln_II.xml	1885	adeln	Protokollsutdrag öfver ståndets vid senaste plenum fattade	 Protokollsutdrag öfver ständets vid senaste plenum fattade	1	0.1428571492433548	0.0172413793103448
data/1885/prot_1885_adeln_II.xml	1885	adeln	Lindfors och von Christierson, E. W.	 Lindfors och von Christierson, E. W.	0	0.0	0.0
data/1885/prot_1885_adeln_II.xml	1885	adeln	ningsvis att äfven Wasklot holme lämpade sig till en ändapunkt för	dningsvis att äfven Wasklot holme lämpade sig till en ändpunkt för 	2	0.1818181872367859	0.0303030303030303
data/1885/prot_1885_borgare_III.xml	1885	borgare	de höra ej heller till kommunens särskilda angelägenheter. Skulle	 de höra ej heller till kommunens särskilda angelägenheter. Skulle	0	0.0	0.0
data/1885/prot_1885_borgare_III.xml	1885	borgare	utgöra ett judicielt område, utan att deta senare mycket väl kunde	utgöra ett judicielt område, utan att detta senare mycket väl kunde	1	0.0909090936183929	0.0151515151515151
data/1885/prot_1885_borgare_III.xml	1885	borgare	— men också om den omfattas blott af en minoritet — i alla	 — men också om den omfattas blott af en minoritet — i alla	0	0.0	0.0
data/1885/prot_1885_borgare_I.xml	1885	borgare	nola stad.	nola stad. 	0	0.0	0.0
data/1885/prot_1885_borgare_I.xml	1885	borgare	Helsingfors den 27 Januari 1885.	 Helsingfors den 27 Januari 1885.	0	0.0	0.0
data/1885/prot_1885_borgare_I.xml	1885	borgare	morgongåfva, giftorätt och arfsrätt, genom hvilken sistnämnda för-	 morgongäfva, giftorätt och arfsrätt, genom hvilken sistnämnda föro	2	0.25	0.0303030303030303
data/1885/prot_1885_borgare_I.xml	1885	borgare	bestridda i ungefär samma förhållande, skulle jag hemställa hos	 bestridda i ungefär samma förhållande, skulle jag hemställa hos	0	0.0	0.0
data/1885/prot_1885_borgare_I.xml	1885	borgare	slag borde höjas till ett högre belopp.	slag borde höjas till ett högre belopp. 	0	0.0	0.0
data/1885/prot_1885_borgare_I.xml	1885	borgare	städerna pensionering, ett önskningsmål, om hvars tillgodoseende	 städerna pensionering, ett önskningsmål, om hvars tillgodoseende	0	0.0	0.0
data/1885/prot_1885_papisto_II.xml	1885	papisto	koko kansaa henkisessä suhteessa, niin pidän sentähden valtion	 koko kansaa henkisessä suhteessa, niin pidän sentähden valtion	0	0.0	0.0
data/1885/prot_1885_papisto_II.xml	1885	papisto	teitä, mitä on tässä keskustelussa esiintuotu, olen katsonut täy-	iteitä, mitä on tässä keskustelussa esiintuotu, olen katsonut täyt	2	0.2222222238779068	0.0307692307692307
data/1885/prot_1885_papisto_II.xml	1885	papisto	sen vähän kokemuksen mukaan, mitä minulla on ollut kansa	 sen vähän kokemuksen mukaan, mitä minulla on ollut kansa	0	0.0	0.0
data/1885/prot_1885_papisto_II.xml	1885	papisto	mus-ehdotuksen johdosta, jotka takoittavat suomalaisen kaup-	 mus-ehdotuksen johdosta, jotka tarkoittavat suomalaisen kaup	2	0.3333333432674408	0.0333333333333333
data/1885/prot_1885_papisto_II.xml	1885	papisto	den varma asema muka tulee olemaan proletaarin. Kääntykää,	den varma asema muka tulee olemaan proletaarin. Kääntykää, 	0	0.0	0.0
data/1885/prot_1885_papisto_II.xml	1885	papisto	oloissa niin tärkeäksi. Valiokunnan enemmistön jäsenet muis-	 oloissa niin tärkeäksi. Valiokunnan enemmistön jäsenet muist	1	0.1428571492433548	0.0166666666666666
data/1885/prot_1885_papisto_I.xml	1885	papisto	Godkänner högvördiga ståndet klämmen uti förevarande	 Godkänner högvördiga ståndet klämmen uti förevarande	0	0.0	0.0
data/1885/prot_1885_papisto_I.xml	1885	papisto	Godkänner högvördiga ståndet allmänna besvärsutskottets	 Godkänner högvördiga ständet allmänna besvärsutskottets	1	0.2000000029802322	0.0181818181818181
data/1885/prot_1885_papisto_I.xml	1885	papisto	rande betänkande intages ett tillägg i det af prosten Lyra	rande betänkande intages ett tillägg i det af prosten Lyra 	0	0.0	0.0
data/1885/ptk_1885_talonpojat_III.xml	1885	talonpojat	olevan asetusehdotuksen, vastalauseen ehdottamassa muodossa, hy-	 olevan asetusehdotuksen, vastalauseen ehdottamassa muodossa, hyv	1	0.1666666716337204	0.015625
data/1885/ptk_1885_talonpojat_III.xml	1885	talonpojat	mitä minä aijoin sanoa. Näyttää siltä kuin täällä luultaisiin, että	 mitä minä aijoin sanoa. Näyttää siltä kuin täällä luultaisiin, että	0	0.0	0.0
data/1885/ptk_1885_talonpojat_III.xml	1885	talonpojat	rykeneista, jos nimittäin huolitaan niihin laittaa tarpeellisia ja kel-	yrykoneista, jos nimittäin huolitaan niihin laittaa tarpeellisia ja kelv	3	0.2222222238779068	0.0422535211267605
data/1885/ptk_1885_talonpojat_I.xml	1885	talonpojat	ri-Valtiosihteerin allekirjoittamat esitykset Maamarsalkalle.	ri-Valtiosihteerin allekirjoittamat esitykset Maamarsalkalle. 	0	0.0	0.0
data/1885/ptk_1885_talonpojat_I.xml	1885	talonpojat	käsittelemistä ja puheenvuoro annettiin.	 käsittelemistä ja puheenvuoro annettiin 	1	0.25	0.025
data/1885/ptk_1885_talonpojat_I.xml	1885	talonpojat	san edusmiesten käsiteltävinä olevia asioita. Tämän kysymyksen	san edusmiesten käsiteltävinä olevia asioita. 'Tämän kysymyksen	1	0.1428571492433548	0.0161290322580645
data/1885/ptk_1885_talonpojat_IV.xml	1885	talonpojat	kunnille, agronoomeille ja piirikuntain esimiehille heidän ynnä kuver-	okunnille, agronoomeille ja piirikuntain esimiehille heidän ynnä kuvern	2	0.25	0.0285714285714285
data/1885/ptk_1885_talonpojat_IV.xml	1885	talonpojat	teiden lauttaamisesta, Maalisk. 24 p:ltä 1873, jotka koskevat lauttauk-	tteiden lauttaamisesta, Maalisk. 24 p:ltä 1873, jotka koskevat lauttauks	2	0.2222222238779068	0.028169014084507
data/1885/ptk_1885_talonpojat_IV.xml	1885	talonpojat	sesta sanottuun kaupunkiin, I. 422—424. L. 424. — Lvm. n:o 16.	sesta sanottuun kaupunkiin, I. 422—424. L. 424. — Lvm. nio 16. 	1	0.0909090936183929	0.0161290322580645
data/1888/prot_1888_adeln_III.xml	1888	adeln	det således med godkännande af de 2 första mom. enligt utskot-	ndet således med godkännande af de 2 första mom. enligt utskott	2	0.1818181872367859	0.032258064516129
data/1888/prot_1888_adeln_III.xml	1888	adeln	nen, som tillägger hustru rätt att i hvarje händelse råda öfver sin	nen, som tillägger hustru rätt att i hvarje händelse räda öfver sin 	1	0.0833333358168602	0.0149253731343283
data/1888/prot_1888_adeln_III.xml	1888	adeln	rätt att råda ovilkorligen endast öfver sin arbetsförtjenst och på	 rätt att räda ovilkorligen endast öfver sin arbetsförtjenst och pä	2	0.2000000029802322	0.0303030303030303
data/1888/prot_1888_adeln_III.xml	1888	adeln	personsklassen är nu i detta afseende, hvad nykterheten beträffar,	personsklassen är nu i detta afseende, hvad nykterheten beträffar, 	0	0.0	0.0
data/1888/prot_1888_adeln_III.xml	1888	adeln	16 och 17 %.	 16 och 17 ?/	2	0.25	0.1666666666666666
data/1888/prot_1888_adeln_III.xml	1888	adeln	sen af 16 %. Jag medgifver att 16 % bestämningen icke är så	sen af 16 ?/,. Jag medgifver att 16 ?/, bestämningen icke är	9	0.25	0.1525423728813559
data/1888/prot_1888_adeln_II.xml	1888	adeln	finnes i klämmen formuleradt.	 finnes i klämmen formuleradt.	0	0.0	0.0
data/1888/prot_1888_adeln_II.xml	1888	adeln	lunda: kan lärare på grund af gällande lag tvingas att utan sitt	lunda: kan lärare på grund af gällande lag tvingas att utan sitt 	0	0.0	0.0
data/1888/prot_1888_adeln_II.xml	1888	adeln	met, för att vårda någon sjuk, eller att han vill sköta någon vig-	mmet, för att vårda någon sjuk, eller att han vill sköta någon vigt	2	0.1538461595773697	0.0303030303030303
data/1888/prot_1888_borgare_I.xml	1888	borgare	Sverige. År 1745 hade på konsistoriernas i Wiborg och Fredriks-	 Sverige. Är 1745 hade pä konsistoriernas i Wiborg och Fredriksh	3	0.3000000119209289	0.0476190476190476
data/1888/prot_1888_borgare_I.xml	1888	borgare	utfärdade skolreglementet af år 1786 införde en väsentlig förän-	 utfärdade skolreglementet af är 1786 införde en väsentlig föränd	2	0.2222222238779068	0.03125
data/1888/prot_1888_borgare_I.xml	1888	borgare	kronan lön för skoldirektorn, lokal och läromateriel för skolan,	 kronan lön för skoldirektorn, lokal och läromateriel för skolan,	0	0.0	0.0
data/1888/prot_1888_borgare_I.xml	1888	borgare	ock enhvar annan, hvilken har skäl att deraf befara skada, berät-	 ock enhvar: annan, hvilken har skäl att deraf befara skada, berät	2	0.1818181872367859	0.0307692307692307
data/1888/prot_1888_borgare_I.xml	1888	borgare	vinner nej, har borgareståndet beslutit, att från tredje satsen	 vinner nej, har borgareståndet beslutit, att från tredje satsen	0	0.0	0.0
data/1888/prot_1888_borgare_I.xml	1888	borgare	och på anhållan af hr Heikel till dagens plenum bordlagda berät-	 och på anhållan af hr Heikel till dagens plenum bordlagda berätt	1	0.0909090936183929	0.015625
data/1888/prot_1888_borgare_I.xml	1888	borgare	hafva icke saknats, innan utskottet kommit till den formulering,	 hafva icke saknats, innan utskottet kommit till den formulering,	0	0.0	0.0
data/1888/prot_1888_borgare_I.xml	1888	borgare	byggnaden var nödvändig, emedan den nu utdömda ursprungligen	 byggnaden var nödvändig, emedan den nu utdömda ursprungligen	0	0.0	0.0
data/1888/prot_1888_borgare_I.xml	1888	borgare	finnes ju dessutom en möjlighet att någon reduktion af kostna-	 finnes ju dessutom en möjlighet att nägon reduktion af kostnad	2	0.2000000029802322	0.032258064516129
data/1888/ptk_1888_papisto_II.xml	1888	papisto	Mietintö, jonka ponnet erikseen esitettiin, hyväksyttiin kes-	 Mietintö, jonka ponnet erikseen esitettiin, hyväksyttiin kesk	1	0.1428571492433548	0.0163934426229508
data/1888/ptk_1888_papisto_II.xml	1888	papisto	ja samaa. Valtiovaliokunnan muistutuksille on niinkuin tiedetty	 ja samaa. Valtiovaliokunnan muistutuksille on niinkuin tiedetty	0	0.0	0.0
data/1888/ptk_1888_papisto_II.xml	1888	papisto	muistutusten johdosta, jotka ovat olleet valtiovaliokunnan anta-	 muistutusten johdosta, jotka ovat olleet valtiovaliokunnan antam	1	0.1428571492433548	0.015625
data/1888/ptk_1888_papisto_I.xml	1888	papisto	Toinen kohta:	 Toinen kohta:	0	0.0	0.0
data/1888/ptk_1888_papisto_I.xml	1888	papisto	esityksiä, ja tätä mielipidettä minäkin tahdon kannattaa, mutta se	 esityksiä, ja tätä mielipidettä minäkin tahdon kannattaa, mutta se	0	0.0	0.0
data/1888/ptk_1888_papisto_I.xml	1888	papisto	kin puolin pyytäisin saada siinä kohden kannattaa armollista esi-	ikin puolin pyytäisin saada siinä kohden kannattaa armollista esit	2	0.2222222238779068	0.0307692307692307
data/1888/ptk_1888_papisto_I.xml	1888	papisto	af denna lags antagande icke skall kunna ega rum, skulle jag	 af denna lags antagande icke skall kunna ega rum, skulle jag	0	0.0	0.0
data/1888/ptk_1888_papisto_I.xml	1888	papisto	tähden en käsitä mitä eroa on suoranaisen ja välillisen tarpeen	tähden en käsitä mitä eroa on suoranaisen ja välillisen tarpeen 	0	0.0	0.0
data/1888/ptk_1888_papisto_I.xml	1888	papisto	eli välillinen tarve lakkaa, silloin on koko sulku laitettava pois;	 eli välillinen tarve lakkaa, silloin on koko sulku laitettava pois;	0	0.0	0.0
data/1888/ptk_1888_talonpojat_III.xml	1888	talonpojat	på att staten ville företaga en instrumental besigtning af banan.	 på att staten ville företaga en instrumental besigtning af banan.	0	0.0	0.0
data/1888/ptk_1888_talonpojat_III.xml	1888	talonpojat	de haft någonting mer berättigadt uti sig än den nu ifrågavarande	 de haft någonting mer berättigadt uti sig än den nu ifrågavarande	0	0.0	0.0
data/1888/ptk_1888_talonpojat_III.xml	1888	talonpojat	en jernväg från Karis station genom Salo köping till Åbo eller	 en jernväg från Karis station genom Salo köping till Åbo eller	0	0.0	0.0
data/1888/ptk_1888_talonpojat_III.xml	1888	talonpojat	tähän toimeen. Minä pyydän vielä lisätä, että kun edusmiehet	 tähän toimeen. Minä pyydän vielä lisätä, että kun edusmiehet	0	0.0	0.0
data/1888/ptk_1888_talonpojat_III.xml	1888	talonpojat	Edusmies Mattila kannatti edusmies Häklin ehdotusta.	 Edusmies Mattila kannatti edusmies Häklin ehdotusta.	0	0.0	0.0
data/1888/ptk_1888_talonpojat_III.xml	1888	talonpojat	valittaisiin tähän toimeen.	 valittaisiin tähän toimeen.	0	0.0	0.0
data/1888/ptk_1888_talonpojat_II.xml	1888	talonpojat	der handhafves af en s. k. byäldste, vald af byamännen i hvarje by	 der handhafves af en s. k. byäldste, vald af byamännen i hvarje by	0	0.0	0.0
data/1888/ptk_1888_talonpojat_II.xml	1888	talonpojat	kuitenkin sillä lisäyksellä, jonka edusmies Forsman oli siihen eh-	 kuitenkin sillä lisäyksellä, jonka edusmies Forsman oli siihen ehd	1	0.1111111119389534	0.0151515151515151
data/1888/ptk_1888_talonpojat_II.xml	1888	talonpojat	onkin hyvin arveluttavaa sälyttää maamiehen niskoille toimia, jotka	 onkin hyvin arveluttavaa sälyttää maamiehen niskoille toimia, jotka	0	0.0	0.0
data/1891/prot_1891_adeln_II.xml	1891	adeln	åtnjuta fullt och berättigadt förtroende. Då jag dessutom aldrig	 åtnjuta fullt och berättigadt förtroende. Då jag dessutom aldrig	0	0.0	0.0
data/1891/prot_1891_adeln_II.xml	1891	adeln	skulle förekommit, vill jag icke medverka till någon lagbestäm-	 skulle förekommit, vill jag icke medverka till någon lagbestämn	1	0.1111111119389534	0.0158730158730158
data/1891/prot_1891_adeln_II.xml	1891	adeln	nu har klädts med begränsad ansvarighet för de personer, som	 nu har klädts med begränsad ansvarighet för de personer, som	0	0.0	0.0
data/1891/prot_1891_adeln_II.xml	1891	adeln	Denna proposition besvarades vid härom verkställd votering	 Denna proposition besvarades vid härom verkställd votering	0	0.0	0.0
data/1891/prot_1891_adeln_II.xml	1891	adeln	Beträffande § 22 yttrade	 Beträffande $ 22 yttrade	1	0.25	0.0416666666666666
data/1891/prot_1891_adeln_II.xml	1891	adeln	sitt distilleringsverk. Detta innebär jo en motsägelse. Med an-	 sitt distilleringsverk. Detta innebär ju en motsägelse. Med anl	2	0.2222222238779068	0.0317460317460317
data/1891/prot_1891_adeln_I.xml	1891	adeln	antages, dennas verkan, såsom jag redan ådagalade, skulle visa	 antages, dennas verkan, såsom jag redan ådagalade, skulle visa	0	0.0	0.0
data/1891/prot_1891_adeln_I.xml	1891	adeln	ville förena sig om ett sådant uttalande, som förekommer i den	 ville förena sig om ett sådant uttalande, som förekommer i den	0	0.0	0.0
data/1891/prot_1891_adeln_I.xml	1891	adeln	underlåta att uttala min förvåning häröfver. Ty då Regeringen	 underlåta att uttala min förvåning häröfver. Ty då Regeringen	0	0.0	0.0
data/1891/prot_1891_borgare_II.xml	1891	borgare	Med 32 röster mot 21 blef utskottets kläm beträffande biba-	 Med 32 röster mot 21 blef utskottets kläm beträffande biban	1	0.1000000014901161	0.0169491525423728
data/1891/prot_1891_borgare_II.xml	1891	borgare	Sideby udde, ansett önskligt att utredning skulle vinnas om hamn-	 Sideby udde, ansett önskligt att utredning skulle vinnas om hamnf	1	0.1000000014901161	0.0153846153846153
data/1891/prot_1891_borgare_II.xml	1891	borgare	utan meningsskiljaktighet erkänt nyttan och nödvängigheten af en	 utan meningsskiljaktighet erkänt nyttan och nödvändigheten af en	1	0.125	0.015625
data/1891/prot_1891_borgare_I.xml	1891	borgare	af de handlingar, som till ekonomiutskottet, hos hvilket detta ärende	 af de handlingar, som till ekonomiutskottet, hos hvilket detta ärende	0	0.0	0.0
data/1891/prot_1891_borgare_I.xml	1891	borgare	synes mig utgöra ett motiv för att man, äfven om man har en	 synes mig utgöra ett motiv för att man, äfven om man har en	0	0.0	0.0
data/1891/prot_1891_borgare_I.xml	1891	borgare	med deras anlitande för ändamålet. Jag skulle således fortfarande	 med deras anlitande för ändamålet. Jag skulle således fortfarande	0	0.0	0.0
data/1891/prot_1891_borgare_I.xml	1891	borgare	så ber jag få taga ståndets uppmärksamhet något i anspråk. Jag	 så ber jag få taga ståndets uppmärksamhet något i anspråk. Jag	0	0.0	0.0
data/1891/prot_1891_borgare_I.xml	1891	borgare	måste då först beklaga knapphändigheten af motiveringen i detta	 måste då först beklaga knapphändigheten af motiveringen i detta	0	0.0	0.0
data/1891/prot_1891_borgare_I.xml	1891	borgare	och eger darför internationel karaktär. Men på grund af den höga	 och eger därför internationel karaktär. Men pä grund af den höga	2	0.1818181872367859	0.03125
data/1891/ptk_1891_papisto_II.xml	1891	papisto	Minäkin soisin samoin kuin edellinen arvoisa puhuja, että säädyt	 Minäkin soisin samoin kuin edellinen arvoisa puhuja, että säädyt	0	0.0	0.0
data/1891/ptk_1891_papisto_II.xml	1891	papisto	jansa joko Oulun tai Vaasan lyseossa. Ehdotan siis, että pappis-	ojansa joko Oulun tai Vaasan lyseossa. Ehdotan siis, että pappiss	2	0.2000000029802322	0.03125
data/1891/ptk_1891_papisto_II.xml	1891	papisto	faror. Derigenom kan förändringar tillvägabringas, som ingalunda	 faror. Derigenom kan förändringar tillvägabringas, som ingalunda	0	0.0	0.0
data/1891/ptk_1891_papisto_I.xml	1891	papisto	koskrifvas, ehuru för tillfället hans bostad kan vara en annan.	koskrifvas, ehuru för tillfället hans bostad kan vara en annan. 	0	0.0	0.0
data/1891/ptk_1891_papisto_I.xml	1891	papisto	mantalsskrifna. Man kan visst invända, att så ej kan vara me-	 mantalsskrifna. Man kan visst invända, att sä ej kan vara men	2	0.1818181872367859	0.0327868852459016
data/1891/ptk_1891_papisto_I.xml	1891	papisto	Provasti Fredrikson: Den rådande osäkerheten rörande en	 Provasti Fredrikson: Den rädande osäkerheten rörande en	1	0.1428571492433548	0.0181818181818181
data/1891/ptk_1891_papisto_I.xml	1891	papisto	sta att, hvad utskottet sjelft har framhållit, det är fara värdt att	sta att, hvad utskottet sjelft har framhällit, det är fara värdt att 	1	0.0833333358168602	0.0147058823529411
data/1891/ptk_1891_papisto_I.xml	1891	papisto	Dessa synpunkter syntes mig så vigtiga, att jag för min del	 Dessa synpunkter syntes mig sä vigtiga, att jag för min del	1	0.0909090936183929	0.0169491525423728
data/1891/ptk_1891_papisto_I.xml	1891	papisto	i stället för denna tidsbestämning införa någon annan, helst all-	 i stället för denna tidsbestämning införa nägon annan, helst allm	2	0.2000000029802322	0.0307692307692307
data/1891/ptk_1891_talonpojat_III.xml	1891	talonpojat	tutkiat kääntyvät yhä enemmän Aasiaan Suomen miesten jäl-	 tutkiat kääntyvät yhä enemmän Aasiaan Suomen miesten jälk	1	0.125	0.0175438596491228
data/1891/ptk_1891_talonpojat_III.xml	1891	talonpojat	tyt 13,000 markkaa niitten kokoelmien järjestämiseksi ja julkai-	etyt 13,000 markkaa niitten kokoelmien järjestämiseksi ja julkais	2	0.25	0.03125
data/1891/ptk_1891_talonpojat_III.xml	1891	talonpojat	tavalla vaikuttanut taiteen edistyttämiseksi maassamme. Se on	 tavalla vaikuttanut taiteen edistyttämiseksi maassamme. Se on	0	0.0	0.0
data/1891/ptk_1891_talonpojat_II.xml	1891	talonpojat	vaatimuksesta, joka syntyi aikoina, jolloin yksityisseikkoihin	vaatimuksesta, joka syntyi aikoina, jolloin yksityisseikkoihin 	0	0.0	0.0
data/1891/ptk_1891_talonpojat_II.xml	1891	talonpojat	perheensä ja tätä tarkoitusta varten ostaa muutamasta sadasta	 perheensä ja tätä tarkoitusta varten ostaa muutamasta sadasta	0	0.0	0.0
data/1891/ptk_1891_talonpojat_II.xml	1891	talonpojat	ja kunnan verot sekä täyttää kaikki ne kunnalliset velvollisuu-	 ja kunnan verot sekä täyttää kaikki ne kunnalliset velvollisuud	1	0.1111111119389534	0.0158730158730158
data/1891/ptk_1891_talonpojat_I.xml	1891	talonpojat	tuksen lähettämistä talousvaliokuntaan, koska tämä valiokunta	tuksen lähettämistä talousvaliokuntaan, koska tämä valiokunta 	0	0.0	0.0
data/1891/ptk_1891_talonpojat_I.xml	1891	talonpojat	mukana valiokuntaan, syntyi seuraava keskustelu:	 mukana valiokuntaan, syntyi seuraava keskustelu:	0	0.0	0.0
data/1891/ptk_1891_talonpojat_I.xml	1891	talonpojat	taan evästetty, lähdetettävä valiokuntaan tahi ei, ei riipu säädyn	ntaan evästetty, lähetettävä valiokuntaan tahi ei, ei riipu säädyn 	2	0.2222222238779068	0.0303030303030303
data/1894/prot_1894_adeln_III.xml	1894	adeln	uti denna delegation qvarstå. Mitt yrkande vore dock att staty-	 uti denna delegation gvarstä. Mitt yrkande vore dock att statyd	3	0.2000000029802322	0.0476190476190476
data/1894/prot_1894_adeln_III.xml	1894	adeln	aflemnat sitt sammanjemkringsförslag i fråga om vården af de	 aflemnat sitt sammanjemkningsförslag i fräga om värden af de	3	0.3333333432674408	0.05
data/1894/prot_1894_adeln_III.xml	1894	adeln	kande N:o 8 i anledning af nåd. prop. N:o 16 angående spar-	nkande N:o 8 i anledning af nåd. prop. N:o 16 angående sparb	2	0.1666666716337204	0.0338983050847457
data/1894/prot_1894_adeln_I.xml	1894	adeln	| Diverse . . . . . . . . . . . || 34 | 65 || 10,041 | 32 |	r « « so « & € I ä Diverse . . » ss ss so vc 34 10,041 132 U	33	0.9047619104385376	0.559322033898305
data/1894/prot_1894_adeln_I.xml	1894	adeln	| å utlånade medel . . . . . . . || 5,833 | 17 || | |	ntor å utlånade medel. . 5,833 I Föreningsbanken å dep	31	1.399999976158142	0.5849056603773585
data/1894/prot_1894_adeln_I.xml	1894	adeln	kontor den 31 December 1893.	 kontor den 31 December 1893.	0	0.0	0.0
data/1894/prot_1894_adeln_I.xml	1894	adeln	fästa Utskottets uppmärksamhet på den af mig redan framhållna	 fästa Utskottets uppmärksamhet på den af mig redan framhållna	0	0.0	0.0
data/1894/prot_1894_adeln_I.xml	1894	adeln	att tänka på hvad nu föreliggande motion afser, nämligen att åstad-	 att tänka pä hvad nu föreliggande motion afser, nämligen att ästadk	3	0.1818181872367859	0.044776119402985
data/1894/prot_1894_adeln_I.xml	1894	adeln	om lämpligheten af att stända en motion till Allmänna Besvärsut-	 om lämpligheten af att sända en motion till Allmänna Besvärsutsk	3	0.2000000029802322	0.046875
data/1894/prot_1894_borgare_II.xml	1894	borgare	rer, utom hr Öhman, som anmält förhinder, och hr Jusélius, som	rer, utom hr Öhman, som anmält förhinder, och hr Jusélius, som 	0	0.0	0.0
data/1894/prot_1894_borgare_II.xml	1894	borgare	nen 1 röst.	nen 1 röst. 	0	0.0	0.0
data/1894/prot_1894_borgare_II.xml	1894	borgare	ceremoniel vid det högtidliga aftäckandet af ärestoden öfver Kej-	 ceremoniel vid det högtidliga aftäckandet af ärestoden öfver Kejs	1	0.1111111119389534	0.0153846153846153
data/1894/prot_1894_borgare_II.xml	1894	borgare	aktiga beslut vid behandlingen af utskottets betänkande n:o 2 an-	jaktiga beslut vid behandlingen af utskottets betänkande n:v 2 ang	3	0.3000000119209289	0.0461538461538461
data/1894/prot_1894_borgare_II.xml	1894	borgare	allmänna besvärsutskottets betänkande n:o 17 i anledning af	 allmänna besvärsutskottets betänkande n:o 17 i anledning af	0	0.0	0.0
data/1894/prot_1894_borgare_II.xml	1894	borgare	naliseringsarbeten i olika delar af landet.	naliseringsarbeten i olika delar af landet. 	0	0.0	0.0
data/1894/prot_1894_borgare_I.xml	1894	borgare	anfördt främst att det vid flere val har inträffat, att pluralitetens	 anfördt främst att det vid flere val har inträffat, att pluralitetens	0	0.0	0.0
data/1894/prot_1894_borgare_I.xml	1894	borgare	och röstmaximum blir tio, kan det fortfarande blifva fallet att	 och röstmaximum blir tio, kan det fortfarande blifva fallet att	0	0.0	0.0
data/1894/prot_1894_borgare_I.xml	1894	borgare	folk med representativ författning måste man förutsätta att foster-	 folk med representativ författning måste man förutsätta att fosterl	1	0.1111111119389534	0.0149253731343283
data/1894/ptk_1894_papisto_II.xml	1894	papisto	leen tuommoisen uittotien Saimaan ja Päijänteen välille ja että	leen tuommoisen uittotien Saimaan ja Päijänteen välille ja että 	0	0.0	0.0
data/1894/ptk_1894_papisto_II.xml	1894	papisto	hän niin on affääriliikkeessään tehnyt, ei ole tutkittu ja, jos niin	 hän niin on affääriliikkeessään tehnyt, ei ole tutkittu ja, jos niin	0	0.0	0.0
data/1894/ptk_1894_papisto_II.xml	1894	papisto	pyydän saada kannattaa herra Schroderuksen ehdotusta.	 pyydän saada kannattaa herra Schroderuksen ehdotusta.	0	0.0	0.0
data/1894/ptk_1894_papisto_II.xml	1894	papisto	kyllä pitää ikävänä, on meidän mukautuminen oleviin oloihin	 kyllä pitää ikävänä, on meidän mukautuminen oleviin oloihin	0	0.0	0.0
data/1894/ptk_1894_papisto_II.xml	1894	papisto	mennä pyytämään toisten säätyjen suostumusta aivan niinkuin	 mennä pyytämään toisten säätyjen suostumusta aivan niinkuin	0	0.0	0.0
data/1894/ptk_1894_papisto_II.xml	1894	papisto	kein meluista että pappissääty erittäin rupeaisi anomusretkillä	kein mieluista että pappissääty erittäin rupeaisi anomusretkillä	1	0.1428571492433548	0.0158730158730158
data/1894/ptk_1894_papisto_I.xml	1894	papisto	dispens, men väl ligger deruti ett åtminstone möjligt hinder för	 dispens, men väl ligger deruti ett ätminstone möjligt hinder för	1	0.1000000014901161	0.015625
data/1894/ptk_1894_papisto_I.xml	1894	papisto	Minä tarkoitan nimittäin sitä aikaa, jolloin naiset ensiksi rupe-	 Minä tarkoitan nimittäin sitä aikaa, jolloin naiset ensiksi rupes	1	0.1111111119389534	0.0153846153846153
data/1894/ptk_1894_papisto_I.xml	1894	papisto	alkaen, ja niin kauan kuin koulut sitten olivat tuomiokapitulien	 alkaen, ja niin kauan kuin koulut sitten olivat tuomiokapitulien	0	0.0	0.0
data/1894/ptk_1894_talonpojat_II.xml	1894	talonpojat	vaihdetaan sanaksi „karjanhoito“, äänestää „jaa“;	 vaihdetaan sanaksi ,karjanhoito*, äänestää ,jaa*;	4	0.4000000059604645	0.0816326530612244
data/1894/ptk_1894_talonpojat_II.xml	1894	talonpojat	edelle lisättäisiin sanat „karjanhoito ja“, äänestää „ei“.	" edelle lisättäisiin sanat ,karjanhoito ja"", äänestää ,ei*."	4	0.4285714328289032	0.0689655172413793
data/1894/ptk_1894_talonpojat_II.xml	1894	talonpojat	äänestää „jaa“;	 äänestää ,jaa*;	2	0.5	0.1333333333333333
data/1894/ptk_1894_talonpojat_I.xml	1894	talonpojat	esillä oleva pyyntö on liian suuri. Tässä tullaan vaan pyytä-	 esillä oleva pyyntö on liian suuri. Tässä tullaan vaan pyytäm	1	0.1000000014901161	0.0163934426229508
data/1894/ptk_1894_talonpojat_I.xml	1894	talonpojat	vaan kaikkeen riittäisi. Minä yhdistyn edusm. Danielsoniin ja	 vaan kaikkeen riittäisi. Minä yhdistyn edusm. Danielsoniin ja	0	0.0	0.0
data/1894/ptk_1894_talonpojat_I.xml	1894	talonpojat	kan förbise att de svårigheter, som landtdagsm. Danielson fram-	 kan förbise att de svärigheter, som landtdagsm. Danielson framh	2	0.2222222238779068	0.0317460317460317
data/1894/ptk_1894_talonpojat_I.xml	1894	talonpojat	rangaistuksena ensikerralla vähintään seitsemänkymmenenviiden	 rangaistuksena ensikerralla vähintään seitsemänkymmenenviiden	0	0.0	0.0
data/1894/ptk_1894_talonpojat_I.xml	1894	talonpojat	27 §. Jos joku vastoin 13 §:n säännöstä käyttää vähit-	 27 8. Jos joku vastoin 13 G:n säännöstä käyttää vähitt	3	0.3000000119209289	0.0555555555555555
data/1894/ptk_1894_talonpojat_I.xml	1894	talonpojat	täismyynti- tai anniskeluhuoneistoa, ennenkuin se on siinä määrä-	ttäismyynti- tai anniskeluhuoneistoa, ennenkuin se on siinä määrät	2	0.25	0.0307692307692307
data/1897/prot_1897_adeln_III.xml	1897	adeln	man sanan. Jos olisi mahdollista, niin ehdottaisin vielä että §:ssä	man sanan. Jos olisi mahdollista, niin ehdottaisin vielä että &:ssä 	1	0.1000000014901161	0.0149253731343283
data/1897/prot_1897_adeln_III.xml	1897	adeln	Mitä sitte tulee kuntien tahtoon käyttää näitä fakkimiehiä	 Mitä sitte tulee kuntien tahtoon käyttää näitä fakkimiehiä	0	0.0	0.0
data/1897/prot_1897_adeln_III.xml	1897	adeln	Yhtenä tärkeimpänä syynä siihen, että tämä asetus nyt ilmestyy,	 Yhtenä tärkeimpänä syynä siihen, että tämä asetus nyt ilmestyy,	0	0.0	0.0
data/1897/prot_1897_adeln_I.xml	1897	adeln	gående ständermöte. Dess uppgift skall väl företrädesvis vara	gående ständermöte. Dess uppgift skall väl företrädesvis vara 	0	0.0	0.0
data/1897/prot_1897_adeln_I.xml	1897	adeln	förene kunna påräkna R. o. A:s samverkan, välvilja och för-	lförene kunna päräkna R. o. A:s samverkan, välvilja och fört	3	0.3000000119209289	0.0508474576271186
data/1897/prot_1897_adeln_I.xml	1897	adeln	Hr Landtmarskalken tackade å R. o. A:s vägnar för den	 Hr Landtmarskalken tackade ä R. o. A:s vägnar för den	1	0.1000000014901161	0.0188679245283018
data/1897/prot_1897_adeln_I.xml	1897	adeln	samtliga de memorial, som ansetts värdiga remiss till utskott,	 samtliga de memorial, som ansetts värdiga remiss till utskott,	0	0.0	0.0
data/1897/prot_1897_adeln_I.xml	1897	adeln	ning i landtdagshandlingarna. Härförinnan hafva de funnits en-	lning i landtdagshandlingarna. Härförinnan hafva de funnits end	2	0.25	0.032258064516129
data/1897/prot_1897_adeln_I.xml	1897	adeln	i en upplaga af 400 exemplar.	 i en upplaga af 400 exemplar.	0	0.0	0.0
data/1897/prot_1897_borgare_II.xml	1897	borgare	femte reservationerna, skulle jag påyrka att 2 mom. skulle helt och	 femte reservationerna, skulle jag påyrka att 2 mom. skulle helt och	0	0.0	0.0
data/1897/prot_1897_borgare_II.xml	1897	borgare	nimittäin tietoonsa tulleen että vuosittain viedään maasta satoja	 nimittäin tietoonsa tulleen että vuosittain viedään maasta satoja	0	0.0	0.0
data/1897/prot_1897_borgare_II.xml	1897	borgare	minä olen jo monta kertaa huomauttanut, on tämän lakiehdotuksen	 minä olen jo monta kertaa huomauttanut, on tämän lakiehdotuksen	0	0.0	0.0
data/1897/prot_1897_borgare_II.xml	1897	borgare	summa, joka nousee yli puolen kustannusarviosta, on mielestäni	 summa, joka nousee yli puolen kustannusarviosta, on mielestäni	0	0.0	0.0
data/1897/prot_1897_borgare_II.xml	1897	borgare	terad, stiga till högre belopp än enligt projektet från senaste landt-	kterad, stiga till högre belopp än enligt projektet frän senaste landtd	3	0.2727272808551788	0.0428571428571428
data/1897/prot_1897_borgare_II.xml	1897	borgare	den tredje till betänkandet fogade reservationen.	 den tredje till betänkandet fogade reservationen.	0	0.0	0.0
data/1897/prot_1897_borgare_I.xml	1897	borgare	att polytekniska institutets bibliotek äfven nu anlitas af teknici i	 att polytekniska institutets bibliotek äfven nu anlitas af tekniei i	1	0.1000000014901161	0.0147058823529411
data/1897/prot_1897_borgare_I.xml	1897	borgare	remitteras, kunde affatta klämmarna exempelvis sålunda att 1:o poly-	 remitteras, kunde affatta klämmarna exempelvis sålunda att 1:o polyt	1	0.1111111119389534	0.0147058823529411
data/1897/prot_1897_borgare_I.xml	1897	borgare	gelius' yttrande.	egelius? yttrande.	2	0.5	0.1176470588235294
data/1897/ptk_1897_papisto_III.xml	1897	papisto	dagsmannaval; och det synes vara uppenbart att just hos	dagsmannaval; och det synes vara uppenbart att just hos 	0	0.0	0.0
data/1897/ptk_1897_papisto_III.xml	1897	papisto	öfriga stånd. — Som emellertid minoritetsval, genom ett af	 öfriga stånd. — Som emellertid minoritetsval, genom ett af	0	0.0	0.0
data/1897/ptk_1897_papisto_III.xml	1897	papisto	att, der de sådant ville, besluta till valordning, innefattande	 att, der de sådant ville, besluta till valordning, innefattande	0	0.0	0.0
data/1897/ptk_1897_papisto_I.xml	1897	papisto	stöda utskottets uttalande i frågan.	stöda utskottets uttalande i frägan. 	1	0.2000000029802322	0.0277777777777777
data/1897/ptk_1897_papisto_I.xml	1897	papisto	remmissa määrin kuin 1/20 litraa, ovat muiden joukossa seuraavat,	remmissa määrin kuin !/o, litraa, ovat muiden joukossa seuraavat, 	3	0.1111111119389534	0.0461538461538461
data/1897/ptk_1897_papisto_I.xml	1897	papisto	ten 72 %, Mixtura simplex 50 %, China droppar, Preserverande	ten 72 %, Mixtura simplex 50 %, China droppar, Preserverande 	0	0.0	0.0
data/1897/ptk_1897_papisto_I.xml	1897	papisto	i denna sak. Det är icke min mening att upprifva striden an-	 i denna sak. Det är icke min mening att upprifva striden ang	1	0.0833333358168602	0.0166666666666666
data/1897/ptk_1897_papisto_I.xml	1897	papisto	En mängd stadganden i rättegångsbalken gifva ock tydligt vid	 En mängd stadganden i rättegångsbalken gifva ock tydligt vid	0	0.0	0.0
data/1897/ptk_1897_papisto_I.xml	1897	papisto	strativa lagstiftningens område, är grundadt i lag. Detta är	strativa lagstiftningens område, är -grundadt i lag. Detta är	1	0.1111111119389534	0.0166666666666666
data/1897/ptk_1897_talonpojat_II.xml	1897	talonpojat	että saman 8 §:n 3 kohdassa olisi murtoluku 1/250 muutettava	 että saman 8 &:n 3 kohdassa olisi murtoluku 1/5, muutettava.	4	0.3000000119209289	0.0666666666666666
data/1897/ptk_1897_talonpojat_II.xml	1897	talonpojat	tiontarkastelu uskotaan yhteiselle pankintarkastelijalle, mutta Rita-	ltiontarkastelu uskotaan yhteiselle pankintarkastelijalle, mutta Ritar	2	0.3333333432674408	0.0289855072463768
data/1897/ptk_1897_talonpojat_II.xml	1897	talonpojat	missäkään osassa voivansa esittää yhteensovitusehdotusta. Valio-	 missäkään osassa voivansa esittää yhteensovitusehdotusta. Valiok	1	0.1666666716337204	0.015625
data/1897/ptk_1897_talonpojat_II.xml	1897	talonpojat	II. 881.	 II. 881.	0	0.0	0.0
data/1897/ptk_1897_talonpojat_II.xml	1897	talonpojat	Valtiopäivämiesvaalit: talonpoikaissäädyn valtiopäivämiesvaaleja koskevien	 Valtiopäivämiesvaalit: talonpoikaissäädyn valtiopäivämiesvaaleja koskevien	0	0.0	0.0
data/1897/ptk_1897_talonpojat_II.xml	1897	talonpojat	9, 16, 30, 51—54, 56, 99, 537; II. 1237.	 9, 16, 30, 51—54, 56, 99, 537; II. 1237.	0	0.0	0.0
data/1897/ptk_1897_talonpojat_I.xml	1897	talonpojat	selmusta paikalla pitämään, niinkuin on säädetty j. n. e.“, joten	selmusta paikalla pitämään, niinkuin on säädetty j. n. e.*, joten 	1	0.1000000014901161	0.0153846153846153
data/1897/ptk_1897_talonpojat_I.xml	1897	talonpojat	taan: „Sittenkun asianomaista piirikunnan insinööriä tai, milloin	taan: ,Sittenkun asianomaista piirikunnan insinööriä tai, milloin 	1	0.1428571492433548	0.0153846153846153
data/1897/ptk_1897_talonpojat_I.xml	1897	talonpojat	tällä kertaa saisi raueta.	 tällä kertaa saisi raueta.	0	0.0	0.0
data/1899/prot_1899_adeln_.xml	1899	adeln	personella och den finansiella värnepligststungan i Finland	 personella och den finansiella värnepligtstungan i Finland 	1	0.1428571492433548	0.0169491525423728
data/1899/prot_1899_adeln_.xml	1899	adeln	————— dess tal till Generalguvernören vid landtdagens afslutning.	5. —— dess tal till Generalguvernören vid landtdagens afslutning. 	3	0.2222222238779068	0.0461538461538461
data/1899/prot_1899_adeln_.xml	1899	adeln	————— utsedd till ledamot af stora deputationen. 12.	9. —— utsedd till ledamot af stora deputationen. 12. 	3	0.2222222238779068	0.0576923076923076
data/1899/prot_1899_borgare_.xml	1899	borgare	»Framför till samtliga Stånden MIN hjärtliga tacksägelse för	 »Framför till samtliga Stånden MIN hjärtliga tacksägelse för	0	0.0	0.0
data/1899/prot_1899_borgare_.xml	1899	borgare	Undertecknadt: generaladjutant Bobrikoff.	 Undertecknadt: generaladjutant Bobrikoff.	0	0.0	0.0
data/1899/prot_1899_borgare_.xml	1899	borgare	Plenum afslöts härå kl. 7,20 e. m.	 Plenum afslöts härå kl. 7,20 e. m.	0	0.0	0.0
data/1899/prot_1899_borgare_.xml	1899	borgare	merären. Att de militära bördorna i vårt land hafva i jämförelse	merären. Att de militära bördorna i vårt land hafva i jämförelse 	0	0.0	0.0
data/1899/prot_1899_borgare_.xml	1899	borgare	Det naturliga är väl att för en landtdagsperiod i sänder beräk-	 Det naturliga är väl att för en landtdagsperiod i sänder beräkn	1	0.0909090936183929	0.0158730158730158
data/1899/prot_1899_borgare_.xml	1899	borgare	skälen, som utskottet ansett sig kunna tillstyrka att i lagen införa	 skälen, som utskottet ansett sig kunna tillstyrka att i lagen införa	0	0.0	0.0
data/1899/prot_1899_borgare_.xml	1899	borgare	pliktutskottet att närmare uttala sig rörande de förslag, som före-	pliktsutskottet att närmare uttala sig rörande de förslag, som förek	2	0.2000000029802322	0.0298507462686567
data/1899/prot_1899_borgare_.xml	1899	borgare	vinner nej, har borgareståndet förenat sig om hr Aæjmelaeus'	 vinner nej, har borgareständet förenat sig om hr Aajmelaeus'	2	0.2222222238779068	0.0333333333333333
data/1899/prot_1899_borgare_.xml	1899	borgare	grafer, hvilka återfinnas i ändringsförslaget, om ock med delvis	grafer, hvilka återfinnas i ändringsförslaget, om ock med delvis 	0	0.0	0.0
data/1899/ptk_1899_papisto_.xml	1899	papisto	den procedyr för lagstiftningen, som ifrågasatts, kan enligt	 den procedyr för lagstiftningen, som ifrägasatts, kan enligt	1	0.125	0.0166666666666666
data/1899/ptk_1899_papisto_.xml	1899	papisto	måste således äfven ifrån finsk synpunkt erkännas såsom	 måste således äfven ifrån finsk synpunkt erkännas såsom	0	0.0	0.0
data/1899/ptk_1899_papisto_.xml	1899	papisto	nödig, då vi icke med stöd af erfarenheten kunna uppvisa	 nödig, då vi icke med stöd af erfarenheten kunna uppvisa	0	0.0	0.0
data/1899/ptk_1899_papisto_.xml	1899	papisto	88 §:ään nähden sääty hyväksyi asevelvollisuusvaliokunnan	 88 Sään nähden sääty hyväksyi asevelvollisuusvaliokunnan 	2	0.1666666716337204	0.0350877192982456
data/1899/ptk_1899_papisto_.xml	1899	papisto	men sotaväen ylipäällikkyys voitaisiin, jos Keisari ja Suuri-	omen sotaväen ylipäällikkyys voitaisiin, jos Keisari ja Suurir	2	0.25	0.0327868852459016
data/1899/ptk_1899_papisto_.xml	1899	papisto	tässä tärkeässä asiassa olleen eri mieltä, niinkuin näkyy laki-	 tässä tärkeässä asiassa olleen eri mieltä, niinkuin näkyy lakiv	1	0.1111111119389534	0.0158730158730158
data/1899/ptk_1899_papisto_.xml	1899	papisto	Forsmanin ehdottamaan tapaan.	 Forsmanin ehdottamaan tapaan.	0	0.0	0.0
data/1899/ptk_1899_papisto_.xml	1899	papisto	tiessa, vastaa „jaa“; jos „ei“ voittaa, on sääty päättänyt olla	tiessa, vastaa ,jaa*; jos ,ei* voittaa, on sääty päättänyt olla 	4	0.2000000029802322	0.0634920634920634
data/1899/ptk_1899_papisto_.xml	1899	papisto	(Herra Puhemies: Kyllä!)	 (Herra Puhemies: Kyllä!)	0	0.0	0.0
data/1899/ptk_1899_talonpojat_.xml	1899	talonpojat	Pappissäätyyn: Filosofian kandidaatti F. W. Kadenius;	 Pappissäätyyn: Filosofian kandidaatti F. W. Kadenius;	0	0.0	0.0
data/1899/ptk_1899_talonpojat_.xml	1899	talonpojat	myöskin siten että kanslioihin on valtiopäiväin alkupuolta varten	 myöskin siten että kanslioihin on valtiopäiväin alkupuolta varten	0	0.0	0.0
data/1899/ptk_1899_talonpojat_.xml	1899	talonpojat	osaa varten kuitenkin lisättäisiin. Siihen nähden että ei voida	osaa varten kuitenkin lisättäisiin. Siihen nähden että ei voida 	0	0.0	0.0
data/1899/ptk_1899_talonpojat_.xml	1899	talonpojat	täytetään. Kuta suurempi seisova sotaväki on meidän asetettava,	 täytetään. Kuta suurempi seisova sotaväki on meidän asetettava,	0	0.0	0.0
data/1899/ptk_1899_talonpojat_.xml	1899	talonpojat	on nainut ja tullut niin paljon perettä, että ei voi vanhempiansa	 on nainut ja tullut niin paljon perettä, että ei voi vanhempiansa	0	0.0	0.0
data/1899/ptk_1899_talonpojat_.xml	1899	talonpojat	että heillä siitäkin on hyvä tulo. Mutta metsistämme ei ole enää	 että heillä siitäkin on hyvä tulo. Mutta metsistämme ei ole enää	0	0.0	0.0
data/1899/ptk_1899_talonpojat_.xml	1899	talonpojat	sia uudistuksista saattaa olla. Tässä on mainittu, että suoma-	ksia uudistuksista saattaa olla. Tässä on mainittu, että suomal	2	0.2222222238779068	0.032258064516129
data/1899/ptk_1899_talonpojat_.xml	1899	talonpojat	kurjessa. Mutta toivi elättää. — Mahdollisuuksien luetteloon	 kurjessa. Mutta toivo elättää. — Mahdollisuuksien luetteloon	1	0.1428571492433548	0.0166666666666666
data/1899/ptk_1899_talonpojat_.xml	1899	talonpojat	sorruttu isompien kansojen jalkoihin, vaan vielä ollaan suoma-	 sorruttu isompien kansojen jalkoihin, vaan vielä ollaan suomal	1	0.125	0.0161290322580645
data/1900/prot_1900_adeln_II.xml	1900	adeln	aftal, hvarigenom, innan denna lag trädt i kraft, jord å lega på	 aftal, hvarigenom, innan denna lag trädt i kraft, jord å lega på	0	0.0	0.0
data/1900/prot_1900_adeln_II.xml	1900	adeln	blifvit utsatt, likasom sista momentet, der det talas om muntlig	 blifvit utsatt, likasom sista momentet, der det talas om muntlig	0	0.0	0.0
data/1900/prot_1900_adeln_II.xml	1900	adeln	skulle komma att fortbestå längre eller kortare tid, således enligt	 skulle komma att fortbestå längre eller kortare tid, således enligt	0	0.0	0.0
data/1900/prot_1900_adeln_I.xml	1900	adeln	Frih. von Troil: Jemte det jag vill häfda Ständernas rätt	 Frih. von Troil: Jemte det jag vill häfda Ständernas rätt	0	0.0	0.0
data/1900/prot_1900_adeln_I.xml	1900	adeln	petitionärens kläm innehåller.	 petitionärens kläm innehäller.	1	0.3333333432674408	0.0333333333333333
data/1900/prot_1900_adeln_I.xml	1900	adeln	syfte petitionären önskat eller att underdånig anhållan skulle gö-	 syfte petitionären önskat eller att underdånig anhållan skulle gör	1	0.1111111119389534	0.0151515151515151
data/1900/prot_1900_adeln_lll.xml	1900	adeln	dast meddela, att mitt yttrande icke berodde på att jag orätt läst	dast meddela, att mitt yttrande icke berodde pä att jag orätt läst 	1	0.0833333358168602	0.0151515151515151
data/1900/prot_1900_adeln_lll.xml	1900	adeln	jag håller före att Utskottet hade haft anledning att förskaffa sig	 jag håller före att Utskottet hade haft anledning att förskaffa si,	1	0.0909090936183929	0.0149253731343283
data/1900/prot_1900_adeln_lll.xml	1900	adeln	Hr Wallensköld understödde åter det af Hr F. von	 Hr Wallensköld understödde åter det af Hr F. von	0	0.0	0.0
data/1900/prot_1900_borgare_II.xml	1900	borgare	Beträffande utskottets andra resolutionsförslag uppstälde hr	 Beträffande utskottets andra resolutionsförslag uppstälde hr	0	0.0	0.0
data/1900/prot_1900_borgare_II.xml	1900	borgare	talmannan följande omröstningsproposition:	 talmannan följande omröstningsproposition:	0	0.0	0.0
data/1900/prot_1900_borgare_II.xml	1900	borgare	Enär propositionen besvarades med öfvervägande nej, hade	 Enär propositionen besvarades med öfvervägande nej, hade	0	0.0	0.0
data/1900/prot_1900_borgare_II.xml	1900	borgare	tämä laki tämmöisenäkin hyväksytään, kuin jos se tällä kertaa	 tämä laki tämmöisenäkin hyväksytään, kuin jos se tällä kertaa	0	0.0	0.0
data/1900/prot_1900_borgare_II.xml	1900	borgare	nat förena sig om desamma, utan affattat författningsförslaget så-	nnat förena sig om desamma, utan affattat författningstörslaget säd	4	0.3333333432674408	0.0606060606060606
data/1900/prot_1900_borgare_II.xml	1900	borgare	fått draga försorg om delgifvandet. Medan domaren, därest del-	 fått draga försorg om delgifvandet. Medan domaren, därest delg	1	0.1111111119389534	0.0161290322580645
data/1900/prot_1900_borgare_I.xml	1900	borgare	gen i dessa frågor, öfvertygadt om att yttranden af redbarhet	gen i dessa frägor, öfvertygadt om att yttranden af redbarhet 	1	0.1000000014901161	0.0163934426229508
data/1900/prot_1900_borgare_I.xml	1900	borgare	Hr talmannen upplöste härå plenum kl 3,40 e. m. med upp-	 Hr talmannen upplöste härä plenum kl. 3,40 e. m. med upp	3	0.2727272808551788	0.0535714285714285
data/1900/prot_1900_borgare_I.xml	1900	borgare	på dagen.	 pä dagen.	1	0.5	0.1111111111111111
data/1900/ptk_1900_papisto_II.xml	1900	papisto	Tuomioprovasti Hedberg: Minäkin pyysin puheenvuoroa	 Tuomioprovasti Hedberg: Minäkin pyysin puheenvuoroa	0	0.0	0.0
data/1900/ptk_1900_papisto_II.xml	1900	papisto	muodostettavaksi vastalauseen ynnä herra Scroderuksen teke-	 muodostettavaksi vastalauseen ynnä herra Schroderuksen teke	2	0.3333333432674408	0.0338983050847457
data/1900/ptk_1900_papisto_II.xml	1900	papisto	vastalauseen kannalla. Avoisat edelliset puhujat ovat jo tätä	vastalauseen kannalla. Arvoisat edelliset puhujat ovat jo tätä	1	0.125	0.0163934426229508
data/1900/ptk_1900_papisto_II.xml	1900	papisto	suuria kustannuksia sen syventämiseksi tehdä ja ilman että ra-	 suuria kustannuksia sen syventämiseksi tehdä ja ilman että rak	1	0.1111111119389534	0.0161290322580645
data/1900/ptk_1900_papisto_II.xml	1900	papisto	kennetaan rata kaupungista vielä ulommaksi, joten saadaan	kennetaan rata kaupungista vielä ulommaksi, joten saadaan 	0	0.0	0.0
data/1900/ptk_1900_papisto_II.xml	1900	papisto	tuollainen Mäntyluoto n:o 2, ja jonne sittekin varsinkin pime-	 tuollainen Mäntyluoto n:o 2, ja jonne sittekin varsinkin pimeä	1	0.1111111119389534	0.0161290322580645
data/1900/ptk_1900_papisto_I.xml	1900	papisto	tinnön n:o 3 erään ritaristossa ja aatelisssa tehdyn säätyesityseh-	etinnön n:o 3 erään ritaristossa ja aatelisssa tehdyn säätyesitysehd	2	0.2222222238779068	0.0298507462686567
data/1900/ptk_1900_papisto_I.xml	1900	papisto	Istunto päättyi kello 10,20 i. p.	 Istunto päättyi kello 10,20 i. p.	0	0.0	0.0
data/1900/ptk_1900_papisto_I.xml	1900	papisto	esityksen n:o 19 johdosta, joka koskee toisen maalla kasvavan	 esityksen n:o 19 johdosta, joka koskee toisen maalla kasvavan	0	0.0	0.0
data/1900/ptk_1900_talonpojat_III.xml	1900	talonpojat	Clas v. Collan.	 Clas v. Collan.	0	0.0	0.0
data/1900/ptk_1900_talonpojat_III.xml	1900	talonpojat	Nyt esitetyn kutsumuksen johdosta lausui sananvuoron	 Nyt esitetyn kutsumuksen johdosta lausui sananvuoron	0	0.0	0.0
data/1900/ptk_1900_talonpojat_III.xml	1900	talonpojat	edusmies Bremer: Koska sentapainen päätös, jonka ritaristo	 edusmies Bremer: Koska sentapainen päätös, jonka ritaristo	0	0.0	0.0
data/1900/ptk_1900_talonpojat_I.xml	1900	talonpojat	dotettu nimittäin niille, jotka saattavat syytteeseen paloviina-	hdotettu nimittäin niille, jotka saattavat syytteeseen paloviinaa	2	0.2857142984867096	0.03125
data/1900/ptk_1900_talonpojat_I.xml	1900	talonpojat	kin kannatti paloviinaveron korotettavaksi yhdeksi markaksi.	kin kannatti paloviinaveron korotettavaksi yhdeksi markaksi. 	0	0.0	0.0
data/1900/ptk_1900_talonpojat_I.xml	1900	talonpojat	håller på att den borde få en annan grund, t. ex. i den rikt-	 häller pä att den borde fä en annan grund, t. ex. i den riktn	4	0.2857142984867096	0.0655737704918032
data/1900/ptk_1900_talonpojat_I.xml	1900	talonpojat	äänestysesitys:	 äänestysesitys:	0	0.0	0.0
data/1900/ptk_1900_talonpojat_I.xml	1900	talonpojat	Päätös:	 Päätös:	0	0.0	0.0
data/1900/ptk_1900_talonpojat_I.xml	1900	talonpojat	Esitettiin edusmiesten Erikssonin, Kasurisen ja Ekbergin	 Esitettiin edusmiesten Erikssonin, Kasurisen ja Ekbergin	0	0.0	0.0
data/1904-1905/prot_1904-1905_adeln_II.xml	1904-1905	adeln	skymfligt våld emot en värnlös qvinna.	 skymfligt väld emot en värnlös gvinna.	2	0.3333333432674408	0.0526315789473684
data/1904-1905/prot_1904-1905_adeln_II.xml	1904-1905	adeln	ser igenom petitionsmemorialet, tilldrager sig min uppmärksamhet.	 ser igenom petitionsmemorialet, tilldrager sig min uppmärksamhet.	0	0.0	0.0
data/1904-1905/prot_1904-1905_adeln_II.xml	1904-1905	adeln	jan af detta plenum hos R. o. A. föredragna förslag om landt	rjan af detta plenum hos R. o. A. föredragna förslag om landt	1	0.0833333358168602	0.0166666666666666
data/1904-1905/prot_1904-1905_adeln_I.xml	1904-1905	adeln	Hr Tor Grotenfelt: Jag var också en af de många,	 Hr Tor Grotenfelt: Jag var ocksä en af de mänga,	2	0.2000000029802322	0.0416666666666666
data/1904-1905/prot_1904-1905_adeln_I.xml	1904-1905	adeln	som i går förvägrades rätt till ordet. Jag ber derför i dag få	 som i går förvägrades rätt till ordet. Jag ber derför i dag få	0	0.0	0.0
data/1904-1905/prot_1904-1905_adeln_I.xml	1904-1905	adeln	Hr Axel Ehrnrooth: Förgäfves anhöll jag i går om or-	 Hr Axel Ehrnrooth: Förgäfves anhöll jag i går om ord	1	0.1000000014901161	0.0192307692307692
data/1904-1905/prot_1904-1905_adeln_I.xml	1904-1905	adeln	römvärd arbetslust. Möjlighet till förbättringar i dessa afseenden	römvärd arbetslust. Möjlighet till förbättringar i dessa afseenden 	0	0.0	0.0
data/1904-1905/prot_1904-1905_adeln_I.xml	1904-1905	adeln	Hr af Forselles anhöll att få upprepa sitt förra för-	 Hr af Forselles anhöll att få upprepa sitt förra förs	1	0.1000000014901161	0.0188679245283018
data/1904-1905/prot_1904-1905_adeln_I.xml	1904-1905	adeln	På Hr Vicelandtmarskalkens framställning beslöt R. o. A.	 Pä Hr Vicelandtmarskalkens framställning beslöt R. o. A.	1	0.125	0.0178571428571428
data/1904-1905/prot_1904-1905_borgare_II.xml	1904-1905	borgare	påminnas därom hvarje dag. Dagligen ske öfvergrepp och våld-	 päminnas därom hvarje dag. Dagligen ske öfvergrepp och välds	3	0.2222222238779068	0.05
data/1904-1905/prot_1904-1905_borgare_II.xml	1904-1905	borgare	sablar misshandlade folket och personer, som icke på något sätt	 sablar misshandlade folket och personer, som icke pä något sätt	1	0.1000000014901161	0.0158730158730158
data/1904-1905/prot_1904-1905_borgare_II.xml	1904-1905	borgare	gatan. Vi hafva i dessa dagar emottagit hotande antydningar om,	 gatan. Vi hafva i dessa dagar emottagit hotande antydningar om,	0	0.0	0.0
data/1904-1905/prot_1904-1905_borgare_II.xml	1904-1905	borgare	————— » Suolahti till Bennäs; se pet. n:o 70.	o 58. » Suolahti till Bennäs; se pet. n:o 70. 	5	0.2000000029802322	0.1111111111111111
data/1904-1905/prot_1904-1905_borgare_II.xml	1904-1905	borgare	Konkurslag, ny; se mot. n:o 3.	 Konkurslag, ny; se mot. n:o 3.	0	0.0	0.0
data/1904-1905/prot_1904-1905_borgare_II.xml	1904-1905	borgare	ska; se pet. n:o 74.	ska; se pet. n:o 74. 	0	0.0	0.0
data/1904-1905/prot_1904-1905_borgare_I.xml	1904-1905	borgare	on yksikolmatta eikä nainen ennenkuin on kah-	 on yksikolmatta eikä nainen ennenkuin on kahd	1	0.1428571492433548	0.0222222222222222
data/1904-1905/prot_1904-1905_borgare_I.xml	1904-1905	borgare	ei omassa maassamme ole tarkempaa tietoa, mutta virallinen tilasto	 ei omassa maassamme ole tarkempaa tietoa, mutta virallinen tilasto	0	0.0	0.0
data/1904-1905/prot_1904-1905_borgare_I.xml	1904-1905	borgare	Tanskassa ja Sveitsissä osoittaa, että niiden maiden kaupungeissa	 Tanskassa ja Sveitsissä osoittaa, että niiden maiden kaupungeissa	0	0.0	0.0
data/1904-1905/ptk_1904-1905_papisto_.xml	1904-1905	papisto	tunut siltä kuin olisimme eksyneet tiettömään korpeen, missä	tunut siltä kuin olisimme eksyneet tiettömään korpeen, missä 	0	0.0	0.0
data/1904-1905/ptk_1904-1905_papisto_.xml	1904-1905	papisto	Hyvinarvoisa herra Puhemies, hyvinarvoisa Porvarissääty!	 Hyvinarvoisa herra Puhemies, hyvinarvoisa Porvarissääty!	0	0.0	0.0
data/1904-1905/ptk_1904-1905_papisto_.xml	1904-1905	papisto	lenpuuskat, jotka milloin mistäkin syistä horjahduttavat kanso-	ulenpuuskat, jotka milloin mistäkin syistä horjahduttavat kansoj	2	0.2857142984867096	0.0317460317460317
data/1904-1905/ptk_1904-1905_papisto_.xml	1904-1905	papisto	Valtiovaliokunnan mietinnön muuttamatta ja sen johdosta muut-	 Valtiovaliokunnan mietinnön muuttamatta ja sen johdosta muutt	1	0.1428571492433548	0.0163934426229508
data/1904-1905/ptk_1904-1905_papisto_.xml	1904-1905	papisto	Pappissääty yhtä pitävän päätöksen aikaan saamiseksi yhtyisi	 Pappissääty yhtä pitävän päätöksen aikaan saamiseksi yhtyisi	0	0.0	0.0
data/1904-1905/ptk_1904-1905_papisto_.xml	1904-1905	papisto	lyhempään ajanmääräykseen ja sen ohessa hyväksyisi asetuksen	 lyhempään ajanmääräykseen ja sen ohessa hyväksyisi asetuksen	0	0.0	0.0
data/1904-1905/ptk_1904-1905_papisto_.xml	1904-1905	papisto	vaan meidän täytyy ryhtyä asioiden lopulliseen käsittelyyn.	 vaan meidän täytyy ryhtyä asioiden lopulliseen käsittelyyn.	0	0.0	0.0
data/1904-1905/ptk_1904-1905_papisto_.xml	1904-1905	papisto	läheisessä yhteydessä tämän suuren pääkysymyksemme kanssa	 läheisessä yhteydessä tämän suuren pääkysymyksemme kanssa	0	0.0	0.0
data/1904-1905/ptk_1904-1905_papisto_.xml	1904-1905	papisto	ennenkuin olen siihen tutustunut. Se jääpi seuraavaan istun-	 ennenkuin olen siihen tutustunut. Se jääpi seuraavaan istunt	1	0.125	0.0166666666666666
data/1904-1905/ptk_1904-1905_porvaristo_II.xml	1904-1905	porvaristo	att det törhända finnes flere andra af ståndets medlemmar, hvilka	 att det törhända finnes flere andra af ståndets medlemmar, hvilka	0	0.0	0.0
data/1904-1905/ptk_1904-1905_porvaristo_II.xml	1904-1905	porvaristo	fredag eftermiddag. Tidens bestämmande torde väl ankomma på	 fredag eftermiddag. Tidens bestämmande torde väl ankomma på	0	0.0	0.0
data/1904-1905/ptk_1904-1905_porvaristo_II.xml	1904-1905	porvaristo	Täysi-istunto julistettiin päättyneeksi k:lo 1 i. p.	 Täysi-istunto julistettiin päättyneeksi k:lo 1 i. p.	0	0.0	0.0
data/1904-1905/ptk_1904-1905_porvaristo_II.xml	1904-1905	porvaristo	————— valittu jäsen. Pk. V. I. 50.	taja. valittu jäsen. Pk. V. I. 50. 	5	0.1428571492433548	0.1470588235294117
data/1904-1905/ptk_1904-1905_porvaristo_II.xml	1904-1905	porvaristo	————— » jäsen. lis. S. V. II. 1050.	13. — » jäsen, lis. S. V. II. 1050. 	5	0.3333333432674408	0.1428571428571428
data/1904-1905/ptk_1904-1905_porvaristo_II.xml	1904-1905	porvaristo	————— hänen y. m. anom. 1) I. 42—48, läh.; 2) I. 239—245, pp.; II. 555	 pp. — hänen y. m. anom. 1) I. 42—48, läh.; 2) I. 239—245, pp.; II. 555	4	0.125	0.0571428571428571
data/1904-1905/ptk_1904-1905_porvaristo_I.xml	1904-1905	porvaristo	annettiin erinomainen täysivaltaisuus sekä luotiin siten järjestely,	 annettiin erinomainen täysivaltaisuus sekä luotiin siten järjestely,	0	0.0	0.0
data/1904-1905/ptk_1904-1905_porvaristo_I.xml	1904-1905	porvaristo	lisuutenansa peittelemättä ja totuudenmukaisesti esiintuoda Hal-	llisuutenansa peittelemättä ja totuudenmukaisesti esiintuoda Hall	2	0.3333333432674408	0.03125
data/1904-1905/ptk_1904-1905_porvaristo_I.xml	1904-1905	porvaristo	dottaa alamaisen esityksen tekemistä Keisarilliselle Majesteetille	dottaa alamaisen esityksen tekemistä Keisarilliselle Majesteetille 	0	0.0	0.0
data/1904-1905/ptk_1904-1905_talonpojat_II.xml	1904-1905	talonpojat	Adressikirjoitus II. 1171—1173; k. 1191; p. 1191.	 Adressikirjoitus II. 1171—1173; k. 1191; p. 1191.	0	0.0	0.0
data/1904-1905/ptk_1904-1905_talonpojat_II.xml	1904-1905	talonpojat	dellisen aseman mukaisesta hallitusmuodosta I. 75—78; I. 78. — Ks.	dellisen aseman mukaisesta hallitusmuodosta I. 75—78; 1. 78. — Ks. 	1	0.1000000014901161	0.0151515151515151
data/1904-1905/ptk_1904-1905_talonpojat_II.xml	1904-1905	talonpojat	n:o 22.	 n:o 22.	0	0.0	0.0
data/1904-1905/ptk_1904-1905_talonpojat_I.xml	1904-1905	talonpojat	jäytetty ja kokonaisuudessaan tehty mielivallasta riippuvaksi.	jäytetty ja kokonaisuudessaan tehty mielivallasta riippuvaksi. 	0	0.0	0.0
data/1904-1905/ptk_1904-1905_talonpojat_I.xml	1904-1905	talonpojat	Arvoisa Talonpoikaissääty! Monessa suhteessa on tätä	 Arvoisa Talonpoikaissääty! Monessa suhteessa on tätä	0	0.0	0.0
data/1904-1905/ptk_1904-1905_talonpojat_I.xml	1904-1905	talonpojat	hyvä yhteisvaikutus tulee vallitsemaan Ritariston ja Aatelin	 hyvä yhteisvaikutus tulee vallitsemaan Ritariston ja Aatelin	0	0.0	0.0
data/1904-1905/ptk_1904-1905_talonpojat_I.xml	1904-1905	talonpojat	ensin kokoontuville Valtiosäädyille antaa armollisen	 ensin kokoontuville Valtiosäädyille antaa armollisen	0	0.0	0.0
data/1904-1905/ptk_1904-1905_talonpojat_I.xml	1904-1905	talonpojat	ten rahastojen sijoittamista säästöpankkeihin, tulisivat	ten rahastojen sijoittamista säästöpankkeihin, tulisivat 	0	0.0	0.0
data/1904-1905/ptk_1904-1905_talonpojat_I.xml	1904-1905	talonpojat	TARKASTUSVALIOKUNTA.	 TARKASTUSVALIOKUNTA.	0	0.0	0.0
data/1905-1906/prot_1905-1906_adeln_II.xml	1905-1906	adeln	skulle sammanträda för att besluta om bagateller.	 skulle sammanträda för att besluta om bagateller.	0	0.0	0.0
data/1905-1906/prot_1905-1906_adeln_II.xml	1905-1906	adeln	sjelfkomplettering». Men Utskottet har hyst farhågor i detta af-	 sjelfkomplettering». Men Utskottet har hyst farhågor i detta afs	1	0.1111111119389534	0.015625
data/1905-1906/prot_1905-1906_adeln_II.xml	1905-1906	adeln	A:s egendom än det nu föreslagna.	 A:s egendom än det nu föreslagna.	0	0.0	0.0
data/1905-1906/prot_1905-1906_adeln_II.xml	1905-1906	adeln	ledamot beroende, icke af herskarens personliga tycke, icke heller	ledamot beroende, icke af herskarens personliga tycke, icke heller 	0	0.0	0.0
data/1905-1906/prot_1905-1906_adeln_II.xml	1905-1906	adeln	Det är derför som jag tager mig friheten förorda reservationen	 Det är derför som jag tager mig friheten förorda reservationen	0	0.0	0.0
data/1905-1906/prot_1905-1906_adeln_II.xml	1905-1906	adeln	skäl jag anfört och för att icke äfventyra denna vigtiga reform	 skäl jag anfört och för att icke äfventyra denna vigtiga reform	0	0.0	0.0
data/1905-1906/prot_1905-1906_adeln_II.xml	1905-1906	adeln	Frih. R. A. Wrede: I likhet med Hrr Rein och Kustavi	 Frih. R. A. Wrede: I likhet med Hrr Rein och Kustavi	0	0.0	0.0
data/1905-1906/prot_1905-1906_adeln_II.xml	1905-1906	adeln	delar icke vidare ega rum.	 delar icke vidare ega rum.	0	0.0	0.0
data/1905-1906/prot_1905-1906_adeln_II.xml	1905-1906	adeln	och det af det naturliga skälet, hvilket också påpekats af Utskot-	 och det af det naturliga skälet, hvilket ocksä päpekats af Utskot-	2	0.1818181872367859	0.0303030303030303
data/1905-1906/prot_1905-1906_borgare_II.xml	1905-1906	borgare	Finlands folk, som i århundraden under skiftande öden lärt sig	 Finlands folk, som i århundraden under skiftande öden lärt sig	0	0.0	0.0
data/1905-1906/prot_1905-1906_borgare_II.xml	1905-1906	borgare	ryska nationen och därmed följande rik utveckling af nationens	 ryska nationen och därmed följande rik utveckling af nationens	0	0.0	0.0
data/1905-1906/prot_1905-1906_borgare_II.xml	1905-1906	borgare	i godt samförstånd med det under samma spira förenade ryska	 i godt samförstånd med det under samma spira förenade ryska	0	0.0	0.0
data/1905-1906/prot_1905-1906_borgare_II.xml	1905-1906	borgare	och detta på grund af den lagstiftning, som för närvarande gäller.	 och detta pä grund af den lagstiftning, som för närvarande gäller.	1	0.0909090936183929	0.0151515151515151
data/1905-1906/prot_1905-1906_borgare_II.xml	1905-1906	borgare	ylläpito sellaista ehdottomasti vaatii. Sen kokemuksen nojalla,	 ylläpito sellaista ehdottomasti vaatii. Sen kokemuksen nojalla,	0	0.0	0.0
data/1905-1906/prot_1905-1906_borgare_II.xml	1905-1906	borgare	suhteessa yleisöön, tietää se ilman semmoista ilmoitustakin kokouk-	 suhteessa yleisöön, tietää se ilman semmoista ilmoitustakin kokouk-	0	0.0	0.0
data/1905-1906/prot_1905-1906_borgare_II.xml	1905-1906	borgare	Hr talmannen svarade:	 Hr talmannen svarade:	0	0.0	0.0
data/1905-1906/prot_1905-1906_borgare_II.xml	1905-1906	borgare	Kaihon hetki on se, jolloin veli jättää hyvästit veljelleen, tietäen,	 Kaihon hetki on se, jolloin veli jättää hyvästit veljelleen, tietäen,	0	0.0	0.0
data/1905-1906/prot_1905-1906_borgare_II.xml	1905-1906	borgare	sanvaltainen katsomustapa ei tunnusta oikeaksi, että ainoastaan	sanvaltainen katsomustapa ei tunnusta oikeaksi, että ainoastaan 	0	0.0	0.0
data/1905-1906/prot_1905-1906_papisto_I.xml	1905-1906	papisto	mankommit. De moln, som redan för halftannat årtionde se-	mmankommit. De moln, som redan för halftannat årtionde sed	2	0.2222222238779068	0.0350877192982456
data/1905-1906/prot_1905-1906_papisto_I.xml	1905-1906	papisto	nande, omsider i februari 1899 urladdade sig i ett förödande	nande, omsider i februari 1899 urladdade sig i ett förödande 	0	0.0	0.0
data/1905-1906/prot_1905-1906_papisto_I.xml	1905-1906	papisto	ker. Med en enstämmighet utan missljud inlade Finlands folk	ker. Med en enstämmighet utan missljud inlade Finlands folk 	0	0.0	0.0
data/1905-1906/prot_1905-1906_papisto_I.xml	1905-1906	papisto	hundratal af städernas innevånare dervid anses motsvara ett	 hundratal af städernas innevånare dervid anses motsvara ett	0	0.0	0.0
data/1905-1906/prot_1905-1906_papisto_I.xml	1905-1906	papisto	Hra J. A. Roos: Jag ber att få förena mig om det yrkande,	 Hra J. A. Roos: Jag ber att fä förena mig om det yrkande,	1	0.0769230797886848	0.0175438596491228
data/1905-1906/prot_1905-1906_papisto_I.xml	1905-1906	papisto	dotonta saada valmiiksi näillä valtiopäivillä täydellinen ja ehdoton	dotonta saada valmiiksi näillä valtiopäivillä täydellinen ja ehdoton 	0	0.0	0.0
data/1905-1906/ptk_1905-1906_papisto_II.xml	1905-1906	papisto	Man förbiser härvid emellertid, att åtskilliga administra-	 Man förbiser härvid emellertid, att åtskilliga administrat	1	0.1428571492433548	0.0172413793103448
data/1905-1906/ptk_1905-1906_papisto_II.xml	1905-1906	papisto	hestämmelser, som göra dessa beroende af ett sådant ämbets-	 hestämmelser, som göra dessa beroende af ett sådant ämbetsv	1	0.1111111119389534	0.0169491525423728
data/1905-1906/ptk_1905-1906_papisto_II.xml	1905-1906	papisto	kejsardömet gifver anledning till missnöje eller giltiga orsaker	 kejsardömet gifver anledning till missnöje eller giltiga orsaker	0	0.0	0.0
data/1905-1906/ptk_1905-1906_porvaristo_I.xml	1905-1906	porvaristo	behåll, att statsutskottets slutbetänkande skall visa, att denna be-	rbehäll, att statsutskottets slutbetänkande skall visa, att denna bev	3	0.2222222238779068	0.0441176470588235
data/1905-1906/ptk_1905-1906_porvaristo_I.xml	1905-1906	porvaristo	kallande, hvarför intet hinder föreligger för ständerna att nu be-	nkallande, hvarför intet hinder töreligger för ständerna att nu beh	3	0.3000000119209289	0.0454545454545454
data/1905-1906/ptk_1905-1906_porvaristo_I.xml	1905-1906	porvaristo	käsittelyn lykkääminen siksi, kunnes valtiovaliokunta on lähettänyt	 käsittelyn lykkääminen siksi, kunnes valtiovaliokunta on lähettänyt	0	0.0	0.0
data/1905-1906/ptk_1905-1906_porvaristo_I.xml	1905-1906	porvaristo	fabrikationen. För kemisk bearbetning behöfvas mycket få häst-	 fabrikationen. För kemisk bearbetning behöfvas mycket fä hästk	2	0.25	0.032258064516129
data/1905-1906/ptk_1905-1906_porvaristo_I.xml	1905-1906	porvaristo	c:a 18 mil eller mera, måste nedhämtas ungefär 60 à 70% af lag-	c:a 18 mil eller mera, måste nedhämtas ungefär 60 å 70 %/, af la	6	0.2857142984867096	0.0952380952380952
data/1905-1906/ptk_1905-1906_porvaristo_I.xml	1905-1906	porvaristo	40% nedtagas, ty på par stationers distans kan man i bråda ti-	 %/, nedtagas, ty pä par stationers distans kan man i bråda tid	5	0.25	0.0806451612903225
data/1905-1906/ptk_1905-1906_porvaristo_I.xml	1905-1906	porvaristo	Rautatiehallitus myöntää, että rautatiepalvelijain palkkaolot	 Rautatiehallitus myöntää, että rautatiepalvelijain palkkaolot	0	0.0	0.0
data/1905-1906/ptk_1905-1906_porvaristo_I.xml	1905-1906	porvaristo	tamiseksi.	tamiseksi. 	0	0.0	0.0
data/1905-1906/ptk_1905-1906_porvaristo_I.xml	1905-1906	porvaristo	mioon tulee ottaa myöskin se asianlaita, että rautatienpalvelijat	omioon tulee ottaa myöskin se asianlaita, että rautatienpalvelijat	1	0.125	0.0153846153846153
data/1905-1906/ptk_1905-1906_talonpojat_.xml	1905-1906	talonpojat	Talonpoikaissäädyn enemmistö puhuu.	 Talonpoikaissäädyn enemmistö puhuu.	0	0.0	0.0
data/1905-1906/ptk_1905-1906_talonpojat_.xml	1905-1906	talonpojat	nyt lopetattaisiin, kuten edusm. Huoponen mainitsi, ja me	 nyt lopetettaisiin, kuten edusm. Huoponen mainitsi, ja me	1	0.125	0.0175438596491228
data/1905-1906/ptk_1905-1906_talonpojat_.xml	1905-1906	talonpojat	Detta är nu en framtidsfråga.	 Detta är nu en framtidsfråga.	0	0.0	0.0
data/1905-1906/ptk_1905-1906_talonpojat_.xml	1905-1906	talonpojat	muuta kuin mielihyvällä käsitellä esillä olevaa asiaa. Saate-	 muuta kuin mielihyvällä käsitellä esillä olevaa asiaa. Saatet	1	0.125	0.0163934426229508
data/1905-1906/ptk_1905-1906_talonpojat_.xml	1905-1906	talonpojat	kotitarpeen-polttoa olivat harjoittaneet. Näin tulivad ne kun-	 kotitarpeen-polttoa olivat harjoittaneet. Näin tulivat ne kunn	2	0.2857142984867096	0.032258064516129
data/1905-1906/ptk_1905-1906_talonpojat_.xml	1905-1906	talonpojat	jako-osuus-perusteen ja lähettää mietinnön Valiokuntaan takai-	 jako-osuus-perusteen ja lähettää mietinnön Valiokuntaan takais	1	0.1666666716337204	0.0161290322580645
data/1905-1906/ptk_1905-1906_talonpojat_.xml	1905-1906	talonpojat	1060, 1111, 1115, 1118, 1124, 1127—1128, 1132, 1161—1162, 1177	 1060, 1111, 1115, 1118, 1124, 127—1128, 1182, 1161—1162, 1177,	3	0.3333333432674408	0.0483870967741935
data/1905-1906/ptk_1905-1906_talonpojat_.xml	1905-1906	talonpojat	1179, 1180, 1200, 1202—1203, 1243, 1247, 1263—1264, 1265—1267,	 1179, 1180, 1200, 1202—1203, 1243, 1247, 1263—1264, 1265—1267,	0	0.0	0.0
data/1905-1906/ptk_1905-1906_talonpojat_.xml	1905-1906	talonpojat	443, 513—514, 557, 588, 613—614, 619, 624, 643, 644, 662—663, 673	 443, 513—514, 557, 588, 613—614, 619, 624, 643, 644, 662—663, 673	0	0.0	0.0
